1403636581913555456,-0.00558,0.00654,-0.11193,0.01095,0.82293,0.01406,0.56786,
1403636582013555456,-0.02149,0.00410,-0.16794,0.00988,0.83084,0.01116,0.55631,
1403636582213555456,-0.02714,0.00401,-0.24345,0.00159,0.84795,0.01872,0.52974,
1403636582413555456,-0.02258,0.01554,-0.19060,-0.01309,0.84645,0.02885,0.53153,
1403636582513555456,-0.01659,0.01942,-0.13146,-0.01209,0.83849,0.02959,0.54398,
1403636582613555456,-0.01804,0.02203,-0.05967,-0.00754,0.83380,0.02938,0.55124,
1403636582713555456,-0.00566,0.02012,0.00114,-0.00586,0.83092,0.02760,0.55568,
1403636582813555456,0.00456,0.01986,0.06511,-0.00608,0.82633,0.02220,0.56272,
1403636582913555456,0.01270,0.01733,0.12678,-0.00334,0.81790,0.01379,0.57519,
1403636583013555456,0.01474,0.01496,0.17366,-0.00222,0.80785,0.01158,0.58928,
1403636583113555456,0.01885,0.01293,0.18967,-0.00108,0.80252,0.01317,0.59648,
1403636583313555456,0.01982,0.00766,0.13450,0.00307,0.80451,0.01642,0.59370,
1403636583413555456,0.01526,0.00690,0.07773,0.00215,0.80645,0.01717,0.59105,
1403636583513555456,0.01138,0.00252,0.01088,0.00281,0.80962,0.02014,0.58660,
1403636583613555456,0.01240,-0.00333,-0.06244,0.00455,0.81532,0.02324,0.57852,
1403636583713555456,0.00631,-0.00646,-0.13039,-0.00239,0.82588,0.02205,0.56341,
1403636583813555456,0.00002,-0.00861,-0.18924,-0.00824,0.83824,0.01898,0.54490,
1403636583913555456,-0.00583,-0.01021,-0.23567,-0.00826,0.84539,0.02321,0.53358,
1403636584013555456,-0.01120,-0.00781,-0.26383,-0.01381,0.84820,0.03423,0.52840,
1403636584113555456,-0.01414,-0.00547,-0.26544,-0.01794,0.84814,0.03783,0.52812,
1403636584213555456,-0.01103,-0.00356,-0.23793,-0.01800,0.84804,0.03895,0.52819,
1403636584313555456,-0.00501,-0.00109,-0.18904,-0.01683,0.84597,0.03798,0.53161,
1403636584413555456,0.00361,-0.00028,-0.12604,-0.01032,0.84359,0.03934,0.53545,
1403636584513555456,0.01479,0.00067,-0.05493,-0.00491,0.83889,0.03962,0.54284,
1403636584613555456,0.02503,0.00217,0.01932,-0.00316,0.83034,0.03568,0.55610,
1403636584713555456,0.03277,0.00376,0.08944,-0.00121,0.81812,0.03136,0.57420,
1403636584813555456,0.03662,0.00540,0.14920,0.00047,0.80755,0.02809,0.58913,
1403636584913555456,0.03613,0.00742,0.19116,-0.00227,0.80046,0.02440,0.59889,
1403636585213555456,0.03735,0.00629,0.15517,0.00438,0.80465,0.01259,0.59360,
1403636585313555456,0.03940,0.00082,0.10512,0.01277,0.80816,0.01440,0.58865,
1403636585413555456,0.03932,-0.00531,0.05028,0.02041,0.81115,0.01772,0.58421,
1403636585513555456,0.03761,-0.00943,-0.00335,0.01194,0.81807,0.02756,0.57434,
1403636585613555456,0.02789,-0.01255,-0.04954,0.00227,0.82489,0.03562,0.56417,
1403636585713555456,0.01466,-0.01469,-0.08060,-0.00818,0.83245,0.03782,0.55274,
1403636585813555456,0.00334,-0.01587,-0.09692,-0.01774,0.84117,0.03661,0.53923,
1403636585913555456,-0.00733,-0.01619,-0.10158,-0.02677,0.85119,0.03619,0.52292,
1403636586013555456,-0.01392,-0.01685,-0.10087,-0.02588,0.86256,0.03117,0.50432,
1403636586113555456,-0.01843,-0.01664,-0.09792,-0.01422,0.87390,0.02104,0.48544,
1403636586213555456,-0.02413,-0.01288,-0.09352,-0.00950,0.88271,0.01303,0.46964,
1403636586313555456,-0.03222,-0.01005,-0.09026,-0.01024,0.89228,0.00970,0.45127,
1403636586413555456,-0.04255,-0.00984,-0.08829,-0.01124,0.90177,0.00519,0.43203,
1403636586513555456,-0.05314,-0.01265,-0.08634,-0.01026,0.90956,0.00611,0.41540,
1403636586613555456,-0.05895,-0.01902,-0.08255,-0.01300,0.91396,0.01011,0.40548,
1403636586813555456,-0.05470,-0.03684,-0.07558,-0.02000,0.91001,0.01232,0.41393,
1403636587013555456,-0.04372,-0.04331,-0.07679,-0.02234,0.90584,0.02209,0.42245,
1403636587313555456,-0.02316,-0.06345,-0.07835,-0.02264,0.90942,0.02706,0.41439,
1403636587413555456,-0.01349,-0.08298,-0.07923,-0.02164,0.91019,0.02374,0.41295,
1403636587513555456,-0.00430,-0.10920,-0.07987,-0.02241,0.91121,0.01927,0.41089,
1403636587613555456,0.00436,-0.14184,-0.07934,-0.02213,0.91137,0.01460,0.41073,
1403636587713555456,0.01434,-0.17814,-0.07726,-0.02115,0.90916,0.00844,0.41583,
1403636587813555456,0.02431,-0.21526,-0.07513,-0.01896,0.90649,0.00067,0.42179,
1403636587913555456,0.03245,-0.25126,-0.07643,-0.01577,0.90660,-0.00586,0.42165,
1403636588013555456,0.03853,-0.28447,-0.08079,-0.00849,0.91036,-0.01197,0.41355,
1403636588113555456,0.04372,-0.31125,-0.08653,-0.00628,0.91370,-0.01728,0.40597,
1403636588213555456,0.04793,-0.33133,-0.09175,-0.00616,0.91471,-0.01665,0.40372,
1403636588713555456,0.03851,-0.30619,-0.09183,-0.01371,0.91224,-0.01483,0.40916,
1403636588813555456,0.03105,-0.27893,-0.09177,-0.01635,0.91350,-0.01044,0.40637,
1403636588913555456,0.02347,-0.24504,-0.09178,-0.02056,0.91380,-0.00708,0.40558,
1403636589013555456,0.01454,-0.20612,-0.08940,-0.02424,0.91271,-0.00195,0.40788,
1403636589113555456,0.00475,-0.16395,-0.08500,-0.02772,0.91043,0.00449,0.41270,
1403636589213555456,-0.00443,-0.11908,-0.07982,-0.03051,0.90875,0.00885,0.41613,
1403636589313555456,-0.01409,-0.07170,-0.07647,-0.03230,0.90930,0.01410,0.41464,
1403636589413555456,-0.02343,-0.02416,-0.07622,-0.03426,0.91086,0.02006,0.41081,
1403636589513555456,-0.03202,0.02307,-0.07728,-0.03462,0.91056,0.02361,0.41125,
1403636589613555456,-0.04150,0.06989,-0.07870,-0.03694,0.90925,0.02693,0.41374,
1403636589713555456,-0.05269,0.11709,-0.07892,-0.03865,0.90830,0.03041,0.41541,
1403636589813555456,-0.05917,0.15903,-0.08486,-0.04427,0.90897,0.03588,0.41295,
1403636589913555456,-0.06698,0.19579,-0.09011,-0.05063,0.91115,0.04292,0.40669,
1403636590013555456,-0.07334,0.22626,-0.09479,-0.05938,0.91116,0.04838,0.40486,
1403636590113555456,-0.07781,0.24784,-0.09526,-0.06543,0.90808,0.05306,0.41024,
1403636590213555456,-0.07991,0.25785,-0.09428,-0.06982,0.90531,0.05598,0.41522,
1403636590413555456,-0.08034,0.23978,-0.09084,-0.06412,0.90628,0.05601,0.41401,
1403636590513555456,-0.07852,0.21313,-0.08811,-0.05827,0.90600,0.05312,0.41588,
1403636590613555456,-0.07544,0.17868,-0.08468,-0.05273,0.90494,0.05027,0.41925,
1403636590713555456,-0.06984,0.13881,-0.08325,-0.04818,0.90499,0.04633,0.42016,
1403636590813555456,-0.05233,0.09368,-0.08859,-0.04687,0.90705,0.04142,0.41635,
1403636590913555456,-0.05322,0.04983,-0.08780,-0.04636,0.90965,0.03722,0.41110,
1403636591013555456,-0.04821,0.00433,-0.08794,-0.04511,0.91027,0.03551,0.41001,
1403636591113555456,-0.03164,-0.04147,-0.09457,-0.04755,0.90961,0.03512,0.41124,
1403636591213555456,-0.02083,-0.08279,-0.09710,-0.04840,0.90999,0.03242,0.41053,
1403636591313555456,-0.01236,-0.11888,-0.10102,-0.04673,0.91129,0.02964,0.40804,
1403636591413555456,-0.00192,-0.14702,-0.11293,-0.04410,0.91229,0.02541,0.40638,
1403636591513555456,0.00330,-0.16739,-0.11586,-0.04184,0.91204,0.02200,0.40736,
1403636591613555456,0.01214,-0.18363,-0.12342,-0.03198,0.90829,0.01242,0.41694,
1403636591713555456,0.02059,-0.19319,-0.12863,-0.02280,0.89995,0.00500,0.43537,
1403636591813555456,0.02788,-0.19950,-0.12904,-0.01338,0.89050,-0.00113,0.45479,
1403636591913555456,0.03445,-0.20474,-0.12680,-0.00712,0.88388,-0.00860,0.46757,
1403636592013555456,0.04317,-0.21175,-0.12622,-0.00371,0.88535,-0.01891,0.46453,
1403636592113555456,0.05890,-0.22259,-0.12698,0.00090,0.88849,-0.03151,0.45782,
1403636592213555456,0.07934,-0.23449,-0.12842,0.00492,0.89232,-0.04132,0.44948,
1403636592313555456,0.10342,-0.24298,-0.12926,0.00586,0.89617,-0.04396,0.44148,
1403636592413555456,0.13156,-0.24338,-0.12965,-0.00074,0.89909,-0.04261,0.43569,
1403636592513555456,0.16259,-0.23397,-0.12798,-0.00969,0.89847,-0.03309,0.43768,
1403636592613555456,0.19355,-0.21486,-0.12637,-0.01893,0.89446,-0.01723,0.44641,
1403636592713555456,0.22150,-0.18678,-0.12642,-0.02788,0.89154,0.00139,0.45208,
1403636592813555456,0.24193,-0.14814,-0.12696,-0.04359,0.89074,0.02259,0.45185,
1403636592913555456,0.24780,-0.09931,-0.12824,-0.06427,0.89129,0.04537,0.44655,
1403636593013555456,0.24130,-0.04309,-0.13081,-0.08338,0.89176,0.06806,0.43952,
1403636593113555456,0.21800,0.01607,-0.13070,-0.09919,0.89095,0.09114,0.43367,
1403636593313555456,0.13524,0.12205,-0.12676,-0.13355,0.88755,0.11706,0.42510,
1403636593413555456,0.08434,0.15386,-0.12557,-0.13828,0.88830,0.12308,0.42030,
1403636593513555456,0.03073,0.16574,-0.12636,-0.13591,0.88984,0.12284,0.41788,
1403636593613555456,-0.01800,0.15955,-0.13094,-0.13149,0.89402,0.11250,0.41325,
1403636593713555456,-0.06217,0.13778,-0.13694,-0.12379,0.90036,0.09426,0.40638,
1403636593813555456,-0.09828,0.10146,-0.14266,-0.10713,0.90582,0.06616,0.40452,
1403636593913555456,-0.12672,0.05394,-0.14463,-0.08624,0.90631,0.03135,0.41252,
1403636594013555456,-0.14429,-0.00034,-0.14397,-0.06109,0.90345,-0.00315,0.42430,
1403636594113555456,-0.15010,-0.05787,-0.14175,-0.03745,0.90095,-0.03504,0.43089,
1403636594213555456,-0.13986,-0.11403,-0.14177,-0.01772,0.90044,-0.06097,0.43031,
1403636594313555456,-0.11348,-0.16851,-0.14280,-0.00099,0.90021,-0.07585,0.42879,
1403636594413555456,-0.07120,-0.21874,-0.14371,0.01274,0.89844,-0.08201,0.43118,
1403636594513555456,-0.01945,-0.26194,-0.14439,0.02107,0.89407,-0.08012,0.44020,
1403636594613555456,0.03443,-0.28888,-0.14468,0.01979,0.88932,-0.08007,0.44978,
1403636594713555456,0.08231,-0.29246,-0.14470,0.01543,0.88670,-0.07759,0.45553,
1403636594813555456,0.12299,-0.27021,-0.14725,0.00506,0.88581,-0.06343,0.45966,
1403636594913555456,0.15349,-0.22250,-0.15063,-0.00858,0.88477,-0.03912,0.46430,
1403636595013555456,0.16830,-0.15397,-0.15348,-0.02932,0.88358,-0.00572,0.46732,
1403636595113555456,0.16620,-0.07496,-0.15636,-0.05318,0.88367,0.02978,0.46413,
1403636595213555456,0.15308,0.00109,-0.15929,-0.07760,0.88397,0.05976,0.45718,
1403636595313555456,0.12647,0.06314,-0.16165,-0.09893,0.88343,0.08492,0.45005,
1403636595413555456,0.09445,0.10236,-0.16288,-0.11112,0.88270,0.10086,0.44533,
1403636595513555456,0.06135,0.11352,-0.16353,-0.11628,0.88326,0.10703,0.44145,
1403636595613555456,0.03004,0.09685,-0.16500,-0.11586,0.88520,0.10951,0.43704,
1403636595713555456,0.00205,0.05761,-0.16804,-0.10706,0.88810,0.10300,0.43499,
1403636595813555456,-0.02171,0.00215,-0.17254,-0.08747,0.89087,0.08808,0.43697,
1403636595913555456,-0.04367,-0.05941,-0.17810,-0.06553,0.89354,0.06526,0.43935,
1403636596013555456,-0.06843,-0.11592,-0.18163,-0.04472,0.89712,0.04092,0.43761,
1403636596113555456,-0.09864,-0.15556,-0.18341,-0.02776,0.90030,0.01672,0.43406,
1403636596213555456,-0.13196,-0.16895,-0.18146,-0.02054,0.90117,0.00127,0.43298,
1403636596313555456,-0.16854,-0.15517,-0.17373,-0.02112,0.89997,-0.00704,0.43538,
1403636596413555456,-0.21146,-0.12639,-0.16084,-0.01993,0.89784,-0.00842,0.43980,
1403636596513555456,-0.25432,-0.09325,-0.14813,-0.01910,0.89521,-0.00314,0.44523,
1403636596613555456,-0.28891,-0.06306,-0.13836,-0.01770,0.89417,0.00198,0.44737,
1403636596713555456,-0.30987,-0.04041,-0.13365,-0.01757,0.89533,0.00389,0.44504,
1403636596913555456,-0.28771,-0.02914,-0.13585,-0.01260,0.89132,0.01227,0.45303,
1403636597013555456,-0.24423,-0.03560,-0.13900,-0.00841,0.89231,0.01421,0.45113,
1403636597113555456,-0.18649,-0.04449,-0.14367,-0.00936,0.89733,0.01674,0.44094,
1403636597213555456,-0.12018,-0.05329,-0.14486,-0.01600,0.90067,0.02681,0.43338,
1403636597313555456,-0.05034,-0.05932,-0.14100,-0.02365,0.89981,0.04094,0.43372,
1403636597413555456,0.01912,-0.05907,-0.13663,-0.03214,0.89694,0.05642,0.43736,
1403636597513555456,0.07874,-0.05245,-0.13413,-0.04161,0.89369,0.07487,0.44042,
1403636597613555456,0.11857,-0.03719,-0.13428,-0.05882,0.88870,0.09157,0.44538,
1403636597713555456,0.13312,-0.01477,-0.13634,-0.07767,0.88236,0.10662,0.45171,
1403636597813555456,0.12265,0.00862,-0.13768,-0.08952,0.87647,0.11888,0.45787,
1403636597913555456,0.09353,0.02504,-0.13831,-0.09311,0.87261,0.13035,0.46140,
1403636598013555456,0.05299,0.03336,-0.14039,-0.09246,0.87266,0.13886,0.45895,
1403636598113555456,0.00695,0.03460,-0.14503,-0.09229,0.87698,0.14041,0.45018,
1403636598213555456,-0.03622,0.02807,-0.15335,-0.08756,0.88517,0.13958,0.43512,
1403636598313555456,-0.06756,0.01712,-0.16571,-0.08023,0.89290,0.13936,0.42056,
1403636598413555456,-0.07970,0.00458,-0.17949,-0.07117,0.89640,0.13743,0.41534,
1403636598513555456,-0.07184,-0.00515,-0.19312,-0.06802,0.89527,0.13729,0.41836,
1403636598613555456,-0.04495,-0.01392,-0.20626,-0.07415,0.88915,0.14035,0.42921,
1403636598713555456,-0.00990,-0.01836,-0.21984,-0.08472,0.88007,0.14541,0.44402,
1403636598813555456,0.02536,-0.02102,-0.23800,-0.09835,0.86817,0.15022,0.46264,
1403636598913555456,0.05712,-0.02392,-0.26020,-0.10692,0.85675,0.14952,0.48187,
1403636599013555456,0.08327,-0.02655,-0.28316,-0.10852,0.84806,0.14981,0.49656,
1403636599113555456,0.10252,-0.02768,-0.30124,-0.11790,0.83803,0.14906,0.51146,
1403636599213555456,0.11741,-0.02797,-0.31208,-0.12672,0.82221,0.14747,0.53494,
1403636599313555456,0.13138,-0.02776,-0.32116,-0.13248,0.80624,0.14144,0.55895,
1403636599413555456,0.14069,-0.02577,-0.32710,-0.13063,0.79792,0.13764,0.57211,
1403636599513555456,0.14834,-0.02954,-0.33878,-0.12376,0.79849,0.13297,0.57395,
1403636599613555456,0.15347,-0.02868,-0.34809,-0.11932,0.80326,0.12732,0.56950,
1403636599713555456,0.15439,-0.03237,-0.35391,-0.11710,0.80438,0.12522,0.56884,
1403636599813555456,0.15522,-0.03295,-0.35596,-0.11940,0.79413,0.12453,0.58275,
1403636600413555456,0.15309,-0.03815,-0.35895,-0.12730,0.78862,0.11546,0.59037,
1403636624713555456,0.13800,-0.07065,-0.35939,-0.10724,0.80366,0.11397,0.57414,
1403636624813555456,0.14065,-0.08314,-0.36445,-0.09902,0.80357,0.12026,0.57446,
1403636625013555456,0.10858,-0.12221,-0.33993,-0.07492,0.81457,0.13949,0.55803,
1403636625413555456,0.07979,-0.14811,-0.25553,-0.08798,0.81729,0.13484,0.55328,
1403636625613555456,0.09620,-0.13863,-0.27144,-0.08803,0.82019,0.13808,0.54815,
1403636625813555456,0.11975,-0.12392,-0.23800,-0.09152,0.81145,0.13848,0.56035,
1403636625913555456,0.13710,-0.11031,-0.19600,-0.09541,0.80601,0.13687,0.56790,
1403636626013555456,0.14496,-0.10271,-0.14648,-0.09789,0.80292,0.13603,0.57204,
1403636626113555456,0.15293,-0.08974,-0.09442,-0.10629,0.80233,0.13092,0.57257,
1403636626213555456,0.16806,-0.08225,-0.05782,-0.11443,0.80215,0.12549,0.57246,
1403636626313555456,0.17776,-0.07952,-0.02796,-0.11791,0.80206,0.12359,0.57230,
1403636626513555456,0.19679,-0.08235,-0.00691,-0.11219,0.79839,0.12884,0.57739,
1403636626613555456,0.20463,-0.08859,-0.00213,-0.10762,0.79354,0.13373,0.58380,
1403636626913555456,0.20233,-0.11925,-0.02008,-0.10482,0.79885,0.14200,0.57505,
1403636627013555456,0.19019,-0.13690,-0.02919,-0.10278,0.80398,0.14387,0.56776,
1403636627113555456,0.18963,-0.14324,-0.04253,-0.10141,0.80898,0.14519,0.56053,
1403636627313555456,0.18243,-0.16392,-0.03181,-0.10417,0.80248,0.14447,0.56947,
1403636627513555456,0.16978,-0.18566,0.01970,-0.10685,0.80222,0.13952,0.57059,
1403636627613555456,0.16385,-0.19778,0.03513,-0.10293,0.80474,0.13264,0.56939,
1403636627713555456,0.15747,-0.21144,0.03311,-0.09673,0.81028,0.12671,0.56395,
1403636627813555456,0.15218,-0.22656,0.02217,-0.08732,0.81819,0.11890,0.55571,
1403636627913555456,0.14996,-0.24145,0.01118,-0.07741,0.82527,0.11073,0.54835,
1403636628013555456,0.15318,-0.25388,0.00708,-0.06978,0.82807,0.10488,0.54629,
1403636628113555456,0.16404,-0.26333,0.01587,-0.06701,0.82387,0.09919,0.55399,
1403636628213555456,0.17825,-0.27083,0.03443,-0.06926,0.81456,0.09263,0.56843,
1403636628313555456,0.19253,-0.27811,0.05751,-0.07550,0.80922,0.08529,0.57635,
1403636628513555456,0.21960,-0.29920,0.10138,-0.08168,0.80856,0.08036,0.57714,
1403636628813555456,0.25328,-0.35711,0.12148,-0.07313,0.81301,0.08094,0.57194,
1403636628913555456,0.26512,-0.38271,0.12011,-0.06401,0.81833,0.07830,0.56578,
1403636629013555456,0.27499,-0.40870,0.12447,-0.05896,0.82236,0.07577,0.56081,
1403636629113555456,0.28586,-0.43451,0.14147,-0.05552,0.82381,0.07302,0.55939,
1403636629213555456,0.30002,-0.46201,0.15741,-0.05131,0.82406,0.06579,0.56033,
1403636629313555456,0.31940,-0.48936,0.16933,-0.04871,0.82247,0.05731,0.56381,
1403636629413555456,0.34721,-0.51201,0.17072,-0.05063,0.82009,0.04842,0.56793,
1403636629513555456,0.37034,-0.54046,0.17025,-0.05126,0.81771,0.03516,0.57227,
1403636629613555456,0.39693,-0.57155,0.15804,-0.04352,0.82044,0.02166,0.56966,
1403636629713555456,0.42067,-0.60666,0.14054,-0.02958,0.82666,0.00794,0.56187,
1403636629813555456,0.45074,-0.64161,0.11615,-0.01370,0.83116,-0.00819,0.55580,
1403636629913555456,0.48673,-0.67886,0.08877,-0.00022,0.83331,-0.02539,0.55223,
1403636630013555456,0.52233,-0.71591,0.07011,0.00966,0.83332,-0.03797,0.55141,
1403636630113555456,0.56403,-0.75185,0.05914,0.01611,0.82942,-0.04638,0.55647,
1403636630213555456,0.61137,-0.78611,0.05747,0.02004,0.82137,-0.05163,0.56770,
1403636630313555456,0.66015,-0.82458,0.06560,0.02193,0.81578,-0.05436,0.57538,
1403636630513555456,0.75350,-0.89846,0.08843,0.02538,0.81946,-0.05299,0.57012,
1403636630713555456,0.84950,-0.96774,0.12528,0.03030,0.82225,-0.04368,0.56665,
1403636631013555456,0.99554,-1.06233,0.14033,0.02058,0.82234,-0.04475,0.56685,
1403636631213555456,1.09429,-1.12415,0.13247,0.01980,0.81858,-0.04428,0.57233,
1403636631613555456,1.28093,-1.24983,0.07519,0.02385,0.81776,-0.03960,0.57370,
1403636632013555456,1.45846,-1.34504,0.05918,0.02823,0.81929,-0.03546,0.57159,
1403636632213555456,1.54933,-1.38630,0.05804,0.03516,0.81666,-0.03320,0.57509,
1403636632513555456,1.67305,-1.42651,0.03430,0.02825,0.82010,-0.04100,0.57004,
1403636632613555456,1.71746,-1.42883,0.00392,0.01566,0.82624,-0.04230,0.56151,
1403636632713555456,1.76077,-1.43785,-0.00789,0.00223,0.83001,-0.03516,0.55664,
1403636632813555456,1.80870,-1.44622,-0.02422,-0.00989,0.83055,-0.01824,0.55656,
1403636632913555456,1.86128,-1.45539,-0.02980,-0.01671,0.82617,0.00721,0.56312,
1403636633013555456,1.91565,-1.46557,-0.03083,-0.02154,0.82249,0.02910,0.56762,
1403636633113555456,1.97468,-1.47230,-0.02712,-0.02718,0.82075,0.04441,0.56890,
1403636633313555456,2.07792,-1.49640,-0.04121,-0.03802,0.82126,0.05783,0.56634,
1403636633513555456,2.19005,-1.51111,-0.07122,-0.04693,0.82550,0.05551,0.55970,
1403636633713555456,2.31280,-1.52701,-0.10462,-0.04516,0.82870,0.05075,0.55555,
1403636633913555456,2.44794,-1.54677,-0.11108,-0.04743,0.82755,0.04176,0.55783,
1403636634113555456,2.59166,-1.57241,-0.11328,-0.05338,0.82596,0.03213,0.56028,
1403636634313555456,2.74567,-1.60966,-0.09813,-0.04504,0.82522,0.04128,0.56149,
1403636634413555456,2.82690,-1.63062,-0.08607,-0.04173,0.81982,0.04588,0.56926,
1403636634513555456,2.90816,-1.65069,-0.08049,-0.04024,0.81600,0.04945,0.57452,
1403636634713555456,3.06597,-1.68595,-0.08916,-0.04233,0.81257,0.06145,0.57806,
1403636634913555456,3.21137,-1.71683,-0.09410,-0.05046,0.81597,0.07380,0.57114,
1403636635113555456,3.35338,-1.74015,-0.08024,-0.05390,0.81832,0.08478,0.56591,
1403636635313555456,3.49369,-1.75757,-0.08500,-0.06097,0.82087,0.08672,0.56118,
1403636635513555456,3.63926,-1.77340,-0.09257,-0.07028,0.82294,0.08184,0.55780,
1403636635713555456,3.78994,-1.79363,-0.07309,-0.07220,0.82151,0.07846,0.56013,
1403636635813555456,3.87068,-1.80623,-0.05161,-0.07734,0.81763,0.07331,0.56580,
1403636635913555456,3.95396,-1.81999,-0.02350,-0.08263,0.81733,0.06775,0.56618,
1403636636013555456,4.03671,-1.83940,0.00627,-0.08018,0.82240,0.06829,0.55908,
1403636636113555456,4.12156,-1.86151,0.03249,-0.07124,0.82593,0.07379,0.55436,
1403636636213555456,4.20856,-1.88529,0.06119,-0.06435,0.82184,0.07871,0.56057,
1403636636313555456,4.29732,-1.90809,0.09644,-0.06049,0.81492,0.08139,0.57063,
1403636636413555456,4.38498,-1.92953,0.13525,-0.05932,0.80588,0.08227,0.58333,
1403636636513555456,4.46840,-1.95093,0.16736,-0.05690,0.79993,0.08407,0.59145,
1403636636613555456,4.54456,-1.97228,0.18969,-0.05028,0.79837,0.08877,0.59346,
1403636636813555456,4.68090,-2.00541,0.20935,-0.03488,0.79812,0.09973,0.59317,
1403636637013555456,4.79247,-2.01809,0.19807,-0.04533,0.80419,0.09530,0.58493,
1403636637213555456,4.88753,-2.01786,0.16794,-0.05885,0.81208,0.08853,0.57378,
1403636637413555456,4.97550,-2.01376,0.14632,-0.06121,0.81664,0.09044,0.56672,
1403636637713555456,5.11461,-1.99651,0.17569,-0.06529,0.81872,0.09257,0.56291,
1403636637913555456,5.21320,-1.98104,0.22863,-0.06691,0.81430,0.09443,0.56880,
1403636638113555456,5.31009,-1.96429,0.25846,-0.06948,0.80930,0.09489,0.57551,
1403636638413555456,5.44107,-1.94140,0.22171,-0.07943,0.81855,0.09034,0.56170,
1403636638513555456,5.48364,-1.93638,0.19905,-0.08560,0.82938,0.08642,0.54528,
1403636638713555456,5.58770,-1.93354,0.17636,-0.07693,0.83033,0.09285,0.54407,
1403636638813555456,5.65024,-1.93458,0.18075,-0.07409,0.82461,0.09540,0.55266,
1403636638913555456,5.71644,-1.93569,0.19115,-0.07643,0.82037,0.09375,0.55890,
1403636639013555456,5.78615,-1.93695,0.20515,-0.08321,0.81904,0.08898,0.56065,
1403636639113555456,5.85792,-1.93928,0.21693,-0.09248,0.81882,0.08247,0.56051,
1403636639313555456,6.00653,-1.95771,0.20005,-0.09577,0.82007,0.07998,0.55850,
1403636639413555456,6.08452,-1.97486,0.17895,-0.08524,0.81998,0.08774,0.55916,
1403636639513555456,6.16319,-1.99444,0.15299,-0.07452,0.81858,0.09582,0.56142,
1403636639613555456,6.24250,-2.01414,0.12376,-0.06418,0.81555,0.10387,0.56567,
1403636639713555456,6.32179,-2.03133,0.09681,-0.06480,0.81115,0.10427,0.57181,
1403636639913555456,6.47155,-2.06101,0.06249,-0.07468,0.80716,0.09836,0.57727,
1403636640113555456,6.60871,-2.08939,0.05604,-0.07703,0.80513,0.10587,0.57847,
1403636640213555456,6.67481,-2.10343,0.06539,-0.08224,0.80376,0.11374,0.57816,
1403636640413555456,6.79561,-2.13069,0.08495,-0.08844,0.80322,0.12577,0.57550,
1403636640713555456,6.95807,-2.16831,0.06929,-0.09289,0.80279,0.13347,0.57366,
1403636641113555456,7.14496,-2.20515,0.05274,-0.09224,0.80426,0.13520,0.57129,
1403636641413555456,7.26449,-2.22416,0.01514,-0.10156,0.80502,0.12549,0.57086,
1403636641713555456,7.37063,-2.25277,-0.02334,-0.09343,0.80421,0.12853,0.57271,
1403636642013555456,7.45992,-2.28260,0.00194,-0.08786,0.80352,0.12121,0.57615,
1403636642113555456,7.48738,-2.29507,0.01785,-0.08247,0.80356,0.11350,0.57845,
1403636642213555456,7.51252,-2.30739,0.02946,-0.07822,0.80342,0.10759,0.58036,
1403636642413555456,7.55496,-2.33077,0.03452,-0.07028,0.80398,0.09232,0.58322,
1403636642513555456,7.57137,-2.34363,0.02863,-0.06636,0.80551,0.08616,0.58251,
1403636642613555456,7.58488,-2.35649,0.01674,-0.06301,0.81029,0.08229,0.57679,
1403636642713555456,7.59788,-2.36871,0.00048,-0.06068,0.81554,0.07962,0.56998,
1403636642913555456,7.62802,-2.38986,-0.02050,-0.05999,0.82169,0.07715,0.56150,
1403636643113555456,7.66329,-2.41163,-0.01353,-0.06218,0.81715,0.07585,0.56802,
1403636643613555456,7.77402,-2.47478,-0.01103,-0.06406,0.82400,0.07831,0.55749,
1403636643913555456,7.87752,-2.51531,0.03968,-0.06134,0.83192,0.08412,0.54504,
1403636644213555456,8.02831,-2.54751,0.05397,-0.06197,0.83070,0.08389,0.54687,
1403636644313555456,8.08847,-2.55553,0.04969,-0.07328,0.82261,0.07543,0.55880,
1403636644413555456,8.15184,-2.56496,0.03941,-0.08210,0.81535,0.06839,0.56903,
1403636644513555456,8.21518,-2.57928,0.02120,-0.08939,0.80987,0.06276,0.57635,
1403636644713555456,8.33889,-2.62577,-0.03709,-0.08440,0.80620,0.06591,0.58187,
1403636644813555456,8.39779,-2.65761,-0.07485,-0.06883,0.80585,0.07611,0.58315,
1403636644913555456,8.45270,-2.69096,-0.11687,-0.06035,0.80834,0.08016,0.58010,
1403636645013555456,8.50419,-2.72316,-0.15440,-0.05841,0.81453,0.08014,0.57159,
1403636645113555456,8.55724,-2.75398,-0.18723,-0.05883,0.82787,0.07824,0.55232,
1403636645413555456,8.74509,-2.84027,-0.23056,-0.05554,0.83566,0.07827,0.54079,
1403636645513555456,8.82573,-2.86468,-0.24198,-0.05562,0.83166,0.07769,0.54701,
1403636645713555456,8.99962,-2.91003,-0.27493,-0.05409,0.82812,0.07794,0.55246,
1403636645913555456,9.19236,-2.94927,-0.28527,-0.05752,0.82814,0.07604,0.55235,
1403636646013555456,9.29444,-2.96871,-0.27123,-0.05837,0.82362,0.06961,0.55982,
1403636646113555456,9.39536,-2.98992,-0.25238,-0.05726,0.82086,0.05518,0.56557,
1403636646213555456,9.49863,-3.01390,-0.23511,-0.05068,0.81833,0.03460,0.57147,
1403636646313555456,9.60095,-3.04124,-0.22267,-0.04049,0.81488,0.00915,0.57815,
1403636646413555456,9.69938,-3.07375,-0.21662,-0.02566,0.81073,-0.01602,0.58464,
1403636646513555456,9.79299,-3.11040,-0.21136,-0.00571,0.80470,-0.03172,0.59281,
1403636646613555456,9.88104,-3.14904,-0.20435,0.00913,0.80251,-0.04312,0.59500,
1403636646713555456,9.96408,-3.18842,-0.18981,0.02013,0.80455,-0.05050,0.59139,
1403636646813555456,10.04277,-3.22773,-0.16395,0.02600,0.80475,-0.05596,0.59040,
1403636646913555456,10.11636,-3.26619,-0.13046,0.02894,0.80509,-0.05954,0.58945,
1403636647113555456,10.25153,-3.34131,-0.07819,0.03190,0.81079,-0.06074,0.58131,
1403636647413555456,10.43962,-3.45492,-0.04137,0.02675,0.81145,-0.05998,0.58073,
1403636647613555456,10.55079,-3.53444,-0.03630,0.01728,0.80288,-0.06157,0.59270,
1403636647813555456,10.64249,-3.62501,-0.01984,0.02471,0.80474,-0.06334,0.58972,
1403636647913555456,10.67843,-3.67446,-0.01390,0.03145,0.80551,-0.06900,0.58771,
1403636648013555456,10.71063,-3.72636,-0.01729,0.04095,0.80474,-0.08063,0.58671,
1403636648113555456,10.73799,-3.77968,-0.02924,0.05388,0.80333,-0.09851,0.58485,
1403636648213555456,10.76232,-3.83389,-0.04623,0.06914,0.80036,-0.11951,0.58340,
1403636648313555456,10.78320,-3.88909,-0.06751,0.08436,0.79667,-0.14255,0.58127,
1403636648413555456,10.80016,-3.94367,-0.09196,0.10109,0.79228,-0.16499,0.57867,
1403636648513555456,10.81330,-3.99769,-0.11908,0.11702,0.78768,-0.18844,0.57477,
1403636648613555456,10.82235,-4.05121,-0.14220,0.12996,0.78317,-0.20712,0.57171,
1403636648713555456,10.82890,-4.10306,-0.15957,0.14076,0.78266,-0.21905,0.56537,
1403636648813555456,10.83509,-4.15386,-0.17075,0.14547,0.78668,-0.22822,0.55488,
1403636648913555456,10.84197,-4.20445,-0.17258,0.14719,0.79323,-0.23417,0.54248,
1403636649113555456,10.86220,-4.30788,-0.14527,0.15327,0.79010,-0.23405,0.54541,
1403636649213555456,10.87550,-4.36037,-0.12021,0.15679,0.78188,-0.23073,0.55754,
1403636649313555456,10.88663,-4.41125,-0.09040,0.15813,0.77822,-0.22763,0.56352,
1403636649613555456,10.91047,-4.55156,0.03694,0.15070,0.78075,-0.22148,0.56450,
1403636649713555456,10.91329,-4.59544,0.08504,0.15108,0.77568,-0.22666,0.56931,
1403636649813555456,10.91315,-4.63845,0.12568,0.15737,0.77233,-0.23222,0.56993,
1403636649913555456,10.91131,-4.67873,0.15915,0.16341,0.76967,-0.23659,0.57002,
1403636650013555456,10.90680,-4.71873,0.18387,0.16845,0.76845,-0.23980,0.56886,
1403636650113555456,10.89719,-4.75755,0.19866,0.17231,0.76606,-0.24543,0.56853,
1403636650213555456,10.88234,-4.79527,0.20339,0.18114,0.76251,-0.25668,0.56559,
1403636650313555456,10.86299,-4.83076,0.20046,0.19277,0.75721,-0.27482,0.56031,
1403636650413555456,10.84003,-4.86452,0.19206,0.20669,0.75160,-0.29624,0.55192,
1403636650513555456,10.81231,-4.89385,0.17924,0.22051,0.74664,-0.31836,0.54088,
1403636650613555456,10.78266,-4.92025,0.16218,0.22998,0.74262,-0.33652,0.53140,
1403636650713555456,10.75330,-4.94650,0.14428,0.23771,0.73924,-0.34853,0.52493,
1403636650813555456,10.72559,-4.97158,0.13169,0.24302,0.73540,-0.35662,0.52245,
1403636650913555456,10.70100,-4.99646,0.12919,0.24941,0.73002,-0.35901,0.52534,
1403636651013555456,10.67613,-5.01892,0.13231,0.25382,0.72542,-0.35896,0.52961,
1403636651813555456,10.42859,-5.10571,0.20595,0.24172,0.72344,-0.35445,0.54090,
1403636651913555456,10.38854,-5.10800,0.19605,0.24390,0.71548,-0.36631,0.54260,
1403636652013555456,10.34167,-5.11033,0.18391,0.25335,0.70615,-0.38182,0.53979,
1403636652113555456,10.28795,-5.11425,0.16745,0.27030,0.69873,-0.40028,0.52772,
1403636652213555456,10.22790,-5.11712,0.14827,0.29038,0.68993,-0.42375,0.51001,
1403636652313555456,10.16271,-5.11539,0.12344,0.30654,0.67989,-0.45178,0.48956,
1403636652413555456,10.09775,-5.11390,0.09422,0.31903,0.66938,-0.47779,0.47103,
1403636652513555456,10.03489,-5.11515,0.06833,0.32673,0.65997,-0.49716,0.45882,
1403636652613555456,9.97467,-5.11868,0.04957,0.33012,0.65494,-0.51207,0.44705,
1403636652713555456,9.91671,-5.12688,0.03947,0.33413,0.65390,-0.51987,0.43647,
1403636652813555456,9.86181,-5.14118,0.04124,0.33606,0.65208,-0.52358,0.43326,
1403636653013555456,9.76036,-5.18794,0.06500,0.34179,0.64883,-0.52059,0.43726,
1403636653213555456,9.66758,-5.24954,0.06222,0.34969,0.64547,-0.50948,0.44891,
1403636653313555456,9.62433,-5.28304,0.05802,0.35453,0.64313,-0.50196,0.45686,
1403636653713555456,9.46053,-5.38771,0.09818,0.35243,0.64659,-0.48794,0.46864,
1403636654213555456,9.26611,-5.44019,0.08755,0.35129,0.63934,-0.49428,0.47279,
1403636654313555456,9.22343,-5.44202,0.08553,0.35805,0.63482,-0.50151,0.46614,
1403636654413555456,9.18024,-5.44138,0.09125,0.36479,0.62877,-0.51301,0.45650,
1403636654513555456,9.13748,-5.43881,0.10514,0.37358,0.62005,-0.52604,0.44639,
1403636654613555456,9.09530,-5.43314,0.12372,0.38106,0.61050,-0.54031,0.43607,
1403636654713555456,9.05540,-5.42545,0.13879,0.38325,0.60256,-0.55362,0.42841,
1403636654813555456,9.01584,-5.41656,0.14661,0.38702,0.59713,-0.56205,0.42160,
1403636654913555456,8.97778,-5.40747,0.14776,0.39147,0.59262,-0.56704,0.41715,
1403636655013555456,8.94159,-5.39906,0.14314,0.40010,0.58563,-0.56637,0.41975,
1403636655113555456,8.90556,-5.39049,0.13486,0.40560,0.57968,-0.56537,0.42405,
1403636655313555456,8.83524,-5.36245,0.11322,0.41173,0.57015,-0.56681,0.42910,
1403636655413555456,8.79864,-5.33949,0.10245,-0.41442,-0.56288,0.57227,-0.42887,
1403636655513555456,8.76085,-5.31196,0.09802,-0.41895,-0.55626,0.57859,-0.42461,
1403636655613555456,8.72138,-5.27628,0.09632,-0.41751,-0.55175,0.59212,-0.41310,
1403636655713555456,8.68090,-5.23777,0.08944,-0.41363,-0.54665,0.60680,-0.40234,
1403636655813555456,8.63814,-5.20008,0.07053,-0.41425,-0.53982,0.61851,-0.39299,
1403636655913555456,8.59207,-5.16356,0.03902,-0.41764,-0.52819,0.63143,-0.38456,
1403636656013555456,8.54337,-5.12952,0.00742,-0.42390,-0.51480,0.64235,-0.37773,
1403636656113555456,8.49236,-5.09626,-0.01519,-0.43060,-0.50596,0.64936,-0.37002,
1403636656213555456,8.43907,-5.06537,-0.02755,-0.43554,-0.50241,0.65367,-0.36139,
1403636656313555456,8.38483,-5.03605,-0.02801,-0.43711,-0.50050,0.65703,-0.35602,
1403636656413555456,8.33032,-5.01096,-0.01817,-0.43711,-0.49978,0.65898,-0.35342,
1403636656613555456,8.21690,-4.96869,0.01760,-0.44019,-0.50134,0.65602,-0.35288,
1403636656713555456,8.15959,-4.95199,0.03393,-0.44739,-0.49820,0.64929,-0.36065,
1403636656813555456,8.10214,-4.93413,0.04373,-0.45558,-0.49575,0.64160,-0.36745,
1403636657013555456,7.99078,-4.89019,0.03939,-0.46095,-0.49546,0.63396,-0.37434,
1403636657313555456,7.83198,-4.78877,0.00582,-0.45089,-0.49438,0.63792,-0.38124,
1403636657413555456,7.78027,-4.74475,0.00226,-0.44361,-0.49548,0.64362,-0.37877,
1403636657513555456,7.72688,-4.69823,-0.00483,-0.43542,-0.49747,0.64975,-0.37517,
1403636657613555456,7.67167,-4.65105,-0.01567,-0.43276,-0.49896,0.65220,-0.37201,
1403636657813555456,7.54723,-4.56001,-0.05002,-0.43299,-0.49490,0.65512,-0.37203,
1403636657913555456,7.48024,-4.51335,-0.07216,-0.42731,-0.49065,0.66144,-0.37305,
1403636658013555456,7.40779,-4.46779,-0.08873,-0.42516,-0.48933,0.66492,-0.37104,
1403636658113555456,7.32924,-4.42382,-0.09491,-0.43015,-0.49252,0.66325,-0.36401,
1403636658213555456,7.24635,-4.38203,-0.09469,-0.43599,-0.49578,0.66086,-0.35690,
1403636658313555456,7.16238,-4.34387,-0.09723,-0.44099,-0.49904,0.65860,-0.35033,
1403636658413555456,7.07897,-4.30805,-0.10461,-0.44295,-0.50077,0.65821,-0.34610,
1403636658513555456,6.99539,-4.27623,-0.11448,-0.44590,-0.50365,0.65675,-0.34088,
1403636658713555456,6.83560,-4.22309,-0.14178,-0.45371,-0.50808,0.65175,-0.33350,
1403636658813555456,6.76028,-4.20340,-0.15830,-0.46047,-0.50910,0.64700,-0.33192,
1403636658913555456,6.68980,-4.18796,-0.17773,-0.46504,-0.50646,0.64391,-0.33559,
1403636659113555456,6.56521,-4.15728,-0.22883,-0.46677,-0.49640,0.64258,-0.35044,
1403636659313555456,6.45603,-4.12019,-0.28975,-0.46594,-0.49486,0.64270,-0.35348,
1403636659413555456,6.40692,-4.09901,-0.31325,-0.46105,-0.49830,0.64606,-0.34891,
1403636659513555456,6.36069,-4.07817,-0.33022,-0.45808,-0.50161,0.64824,-0.34399,
1403636659713555456,6.27809,-4.03723,-0.35876,-0.46194,-0.49909,0.64681,-0.34519,
1403636659913555456,6.20965,-3.99472,-0.40919,-0.46345,-0.49670,0.64798,-0.34443,
1403636660013555456,6.18048,-3.97172,-0.44178,-0.45899,-0.49905,0.65226,-0.33887,
1403636660113555456,6.15511,-3.95068,-0.47782,-0.45416,-0.50120,0.65683,-0.33334,
1403636660213555456,6.13215,-3.93269,-0.51638,-0.45154,-0.50235,0.65908,-0.33071,
1403636660313555456,6.11139,-3.91893,-0.55439,-0.44744,-0.50478,0.66242,-0.32587,
1403636660413555456,6.09231,-3.91024,-0.58721,-0.43867,-0.50937,0.66858,-0.31797,
1403636660713555456,6.04522,-3.93626,-0.66273,-0.45805,-0.50468,0.65454,-0.32720,
1403636660813555456,6.03491,-3.95512,-0.69578,-0.47061,-0.50426,0.64513,-0.32872,
1403636661013555456,6.03284,-3.99301,-0.77900,-0.47763,-0.50246,0.63932,-0.33268,
1403636661213555456,6.05613,-4.03068,-0.87551,-0.47395,-0.49490,0.64198,-0.34395,
1403636661413555456,6.09665,-4.05648,-0.95307,-0.47236,-0.49312,0.64292,-0.34695,
1403636661613555456,6.14901,-4.07266,-0.99977,-0.46640,-0.49292,0.64650,-0.34862,
1403636661813555456,6.20955,-4.07842,-1.01565,-0.46266,-0.48676,0.64795,-0.35941,
1403636662013555456,6.26836,-4.07015,-1.00345,-0.46141,-0.48415,0.64742,-0.36544,
1403636662313555456,6.34884,-4.02969,-0.96826,-0.46829,-0.49433,0.64328,-0.35005,
1403636662513555456,6.40827,-3.99082,-0.97313,-0.46173,-0.50122,0.64952,-0.33718,
1403636662613555456,6.44261,-3.97200,-0.98262,-0.45396,-0.49900,0.65574,-0.33901,
1403636662713555456,6.47835,-3.95678,-0.99500,-0.44592,-0.48964,0.66238,-0.35023,
1403636662913555456,6.53723,-3.92986,-1.03246,-0.43955,-0.48391,0.66777,-0.35598,
1403636663013555456,6.55947,-3.91649,-1.05678,-0.43321,-0.48470,0.67236,-0.35401,
1403636663113555456,6.57559,-3.90565,-1.07541,-0.42552,-0.48206,0.67776,-0.35665,
1403636663313555456,6.58508,-3.89319,-1.10194,-0.43513,-0.49488,0.67230,-0.33729,
1403636663413555456,6.58311,-3.89268,-1.12330,-0.43984,-0.50460,0.66886,-0.32335,
1403636663513555456,6.58160,-3.89880,-1.14989,-0.43959,-0.51113,0.66873,-0.31353,
1403636663713555456,6.58322,-3.93843,-1.21071,-0.44037,-0.51730,0.66738,-0.30509,
1403636663913555456,6.59700,-4.01899,-1.25532,-0.45912,-0.52435,0.65133,-0.30005,
1403636664013555456,6.61507,-4.07447,-1.26544,-0.47167,-0.52492,0.64061,-0.30267,
1403636664113555456,6.64355,-4.13464,-1.27088,-0.47484,-0.52215,0.63672,-0.31061,
1403636664213555456,6.68180,-4.19962,-1.27083,-0.47414,-0.51616,0.63556,-0.32377,
1403636664313555456,6.72747,-4.26555,-1.27456,-0.47323,-0.51116,0.63405,-0.33580,
1403636664413555456,6.77803,-4.33004,-1.29386,-0.47155,-0.50942,0.63271,-0.34322,
1403636664613555456,6.89345,-4.44924,-1.35669,-0.46468,-0.50681,0.63137,-0.35859,
1403636664713555456,6.95595,-4.50549,-1.38272,-0.45913,-0.50628,0.63208,-0.36518,
1403636664813555456,7.01928,-4.55719,-1.40180,-0.45837,-0.51290,0.62987,-0.36068,
1403636664913555456,7.08428,-4.60669,-1.41271,-0.45603,-0.51525,0.62874,-0.36228,
1403636665013555456,7.15111,-4.65523,-1.41876,-0.44932,-0.51871,0.63139,-0.36112,
1403636665113555456,7.21948,-4.70022,-1.41606,-0.44181,-0.52286,0.63511,-0.35785,
1403636665213555456,7.28829,-4.74552,-1.40675,-0.43603,-0.52303,0.63804,-0.35946,
1403636665313555456,7.35583,-4.79251,-1.39410,-0.43533,-0.51612,0.63805,-0.37014,
1403636665413555456,7.42170,-4.84097,-1.38036,-0.43772,-0.51551,0.63631,-0.37117,
1403636665513555456,7.48459,-4.88656,-1.36752,-0.44277,-0.52094,0.63377,-0.36182,
1403636665613555456,7.54752,-4.93052,-1.35260,-0.44758,-0.52578,0.63137,-0.35298,
1403636665813555456,7.67979,-5.01972,-1.31907,-0.45583,-0.52261,0.62862,-0.35205,
1403636665913555456,7.75099,-5.06443,-1.30056,-0.45150,-0.51177,0.63302,-0.36541,
1403636666013555456,7.82249,-5.10745,-1.28497,-0.44506,-0.50405,0.63881,-0.37387,
1403636666113555456,7.89144,-5.14767,-1.27447,-0.44482,-0.50273,0.63960,-0.37458,
1403636666313555456,8.02354,-5.21778,-1.27175,-0.45096,-0.50335,0.63562,-0.37318,
1403636666413555456,8.08765,-5.24757,-1.27732,-0.44749,-0.50091,0.63721,-0.37791,
1403636666513555456,8.14814,-5.27320,-1.27953,-0.44271,-0.50172,0.63933,-0.37886,
1403636666613555456,8.20540,-5.29456,-1.27367,-0.44063,-0.50767,0.63979,-0.37254,
1403636666713555456,8.26116,-5.31357,-1.26116,-0.43919,-0.51570,0.63953,-0.36355,
1403636666813555456,8.31682,-5.33213,-1.24650,-0.43391,-0.52106,0.64189,-0.35804,
1403636666913555456,8.37142,-5.35396,-1.23617,-0.41897,-0.52026,0.65133,-0.35996,
1403636667013555456,8.42266,-5.37864,-1.23174,-0.40751,-0.51639,0.65856,-0.36548,
1403636667113555456,8.46710,-5.40718,-1.23032,-0.41567,-0.51526,0.65274,-0.36830,
1403636667213555456,8.50679,-5.43860,-1.23204,-0.43486,-0.51625,0.63915,-0.36860,
1403636667313555456,8.54506,-5.46949,-1.23871,-0.44782,-0.51893,0.62938,-0.36613,
1403636667513555456,8.62780,-5.52329,-1.26463,-0.44565,-0.52369,0.62970,-0.36141,
1403636667613555456,8.67183,-5.54830,-1.27770,-0.43388,-0.52439,0.63783,-0.36045,
1403636667713555456,8.71502,-5.57383,-1.28195,-0.42578,-0.52288,0.64316,-0.36285,
1403636667913555456,8.79479,-5.63126,-1.27356,-0.42489,-0.51879,0.64481,-0.36681,
1403636668313555456,8.93002,-5.76350,-1.31092,-0.43574,-0.52218,0.64392,-0.35048,
1403636668713555456,9.07280,-5.92834,-1.40646,-0.44675,-0.51767,0.64367,-0.34369,
1403636668913555456,9.15971,-6.02201,-1.44872,-0.46665,-0.52129,0.63096,-0.33523,
1403636669013555456,9.21284,-6.06871,-1.45786,-0.46631,-0.51579,0.63167,-0.34278,
1403636669113555456,9.27132,-6.11332,-1.45998,-0.46377,-0.50918,0.63410,-0.35153,
1403636669313555456,9.39622,-6.19274,-1.46760,-0.46386,-0.50509,0.63540,-0.35496,
1403636669513555456,9.53116,-6.26243,-1.49637,-0.46672,-0.50190,0.63335,-0.35935,
1403636669613555456,9.60265,-6.29343,-1.51400,-0.47311,-0.49923,0.62818,-0.36375,
1403636669713555456,9.67674,-6.31963,-1.53017,-0.47930,-0.49604,0.62257,-0.36963,
1403636669813555456,9.75546,-6.33818,-1.54119,-0.47482,-0.49082,0.62457,-0.37888,
1403636669913555456,9.83465,-6.34636,-1.54436,-0.45438,-0.48057,0.63736,-0.39543,
1403636670013555456,9.90501,-6.34481,-1.54040,-0.43864,-0.47664,0.64770,-0.40111,
1403636670113555456,9.96692,-6.33340,-1.53121,-0.42849,-0.47597,0.65289,-0.40445,
1403636670213555456,10.01820,-6.31479,-1.51666,-0.42267,-0.47096,0.65172,-0.41811,
1403636670313555456,10.05782,-6.28788,-1.50554,-0.41705,-0.46529,0.64905,-0.43395,
1403636670413555456,10.08331,-6.25219,-1.50031,-0.40778,-0.46750,0.64732,-0.44287,
1403636670513555456,10.09179,-6.20621,-1.49522,-0.39526,-0.47442,0.64392,-0.45173,
1403636670613555456,10.08167,-6.15180,-1.48302,-0.38374,-0.48642,0.63572,-0.46043,
1403636670713555456,10.05218,-6.09026,-1.46320,-0.37454,-0.50108,0.62372,-0.46863,
1403636670813555456,10.00560,-6.02421,-1.44108,-0.36286,-0.51451,0.61082,-0.48011,
1403636670913555456,9.94125,-5.95279,-1.42161,-0.34590,-0.52552,0.59751,-0.49716,
1403636671013555456,9.85609,-5.87500,-1.39950,-0.32835,-0.53696,0.57961,-0.51760,
1403636671113555456,9.74412,-5.79081,-1.36759,0.31836,0.55753,-0.55565,0.52826,
1403636671213555456,9.60726,-5.70172,-1.32920,0.30956,0.58219,-0.53308,0.53014,
1403636671313555456,9.44792,-5.60816,-1.28652,0.30664,0.61006,-0.51388,0.51935,
1403636671413555456,9.27387,-5.51421,-1.24501,0.31320,0.64359,-0.49149,0.49612,
1403636671513555456,9.09645,-5.42078,-1.20795,0.31028,0.67190,-0.47343,0.47763,
1403636671613555456,8.92081,-5.33116,-1.17626,0.29982,0.69156,-0.46427,0.46508,
1403636671713555456,8.74792,-5.24766,-1.14995,0.28972,0.70443,-0.46062,0.45571,
1403636671813555456,8.58091,-5.17356,-1.12787,0.28445,0.71318,-0.45840,0.44758,
1403636671913555456,8.42205,-5.11049,-1.10601,0.27916,0.72014,-0.46031,0.43770,
1403636672013555456,8.27316,-5.06032,-1.07640,0.27796,0.72799,-0.46181,0.42367,
1403636672113555456,8.13811,-5.02643,-1.03624,0.28870,0.73303,-0.45589,0.41412,
1403636672213555456,8.01877,-5.00523,-0.98750,0.29948,0.73425,-0.45083,0.40980,
1403636672313555456,7.91632,-4.99633,-0.93899,0.30772,0.73349,-0.44780,0.40839,
1403636672413555456,7.83090,-4.99645,-0.89609,0.32342,0.73166,-0.43764,0.41054,
1403636672513555456,7.76092,-5.00307,-0.86645,0.33529,0.71997,-0.43035,0.42898,
1403636672613555456,7.70393,-5.01079,-0.85564,0.33615,0.70277,-0.43040,0.45592,
1403636672713555456,7.65680,-5.01803,-0.86500,0.33023,0.69247,-0.43533,0.47109,
1403636672813555456,7.61490,-5.02177,-0.89280,0.31713,0.69495,-0.44270,0.46957,
1403636672913555456,7.57901,-5.02462,-0.91744,0.30972,0.70100,-0.43791,0.47001,
1403636673013555456,7.54941,-5.02658,-0.93593,0.30296,0.70953,-0.42617,0.47240,
1403636673113555456,7.52607,-5.02841,-0.94803,0.29572,0.71955,-0.41341,0.47317,
1403636673213555456,7.50940,-5.03222,-0.95284,0.28346,0.73236,-0.40755,0.46605,
1403636673313555456,7.49920,-5.03824,-0.95125,0.27305,0.74401,-0.40376,0.45703,
1403636673513555456,7.50936,-5.06771,-0.93982,0.26657,0.75016,-0.39620,0.45741,
1403636673613555456,7.52875,-5.09162,-0.94065,0.27004,0.74657,-0.39058,0.46601,
1403636673713555456,7.55662,-5.11971,-0.94433,0.27518,0.74010,-0.38468,0.47807,
1403636673813555456,7.59060,-5.14696,-0.94790,0.28049,0.73328,-0.37902,0.48987,
1403636674113555456,7.72173,-5.21659,-0.94847,0.28026,0.73303,-0.37815,0.49103,
1403636674313555456,7.83383,-5.25500,-0.97303,0.27284,0.72525,-0.38430,0.50188,
1403636674413555456,7.89386,-5.27091,-0.99747,0.26004,0.72219,-0.38929,0.50918,
1403636674513555456,7.95425,-5.28721,-1.02577,0.24804,0.72180,-0.38633,0.51790,
1403636674613555456,8.01108,-5.30351,-1.05979,0.24129,0.72472,-0.37852,0.52277,
1403636674713555456,8.06511,-5.32080,-1.09740,0.23673,0.72837,-0.37119,0.52503,
1403636674913555456,8.16082,-5.35936,-1.17689,0.21798,0.74685,-0.37047,0.50740,
1403636675013555456,8.20690,-5.38926,-1.20479,0.21198,0.75399,-0.37144,0.49860,
1403636675213555456,8.30542,-5.46981,-1.23112,0.22502,0.76552,-0.36003,0.48346,
1403636675313555456,8.36678,-5.52109,-1.23526,0.23591,0.76769,-0.35283,0.48011,
1403636675413555456,8.43345,-5.58022,-1.22833,0.24529,0.76297,-0.34343,0.48965,
1403636675513555456,8.50610,-5.64886,-1.21540,0.24846,0.75955,-0.33131,0.50158,
1403636675613555456,8.59358,-5.68734,-1.23078,0.25165,0.75812,-0.31723,0.51117,
1403636675713555456,8.67969,-5.73657,-1.23852,0.24808,0.75800,-0.30551,0.52015,
1403636675813555456,8.77004,-5.77683,-1.25440,0.23239,0.75569,-0.29792,0.53495,
1403636675913555456,8.86128,-5.81107,-1.27788,0.20368,0.75477,-0.29596,0.54887,
1403636676013555456,8.94909,-5.84064,-1.30783,0.17734,0.76061,-0.28957,0.55333,
1403636676113555456,9.03172,-5.87197,-1.33758,0.16503,0.77054,-0.27294,0.55186,
1403636676313555456,9.19294,-5.93527,-1.40403,0.16588,0.79465,-0.21571,0.54267,
1403636676413555456,9.27338,-5.96830,-1.43383,0.16441,0.80297,-0.18603,0.54185,
1403636676513555456,9.35809,-5.98996,-1.45513,0.14969,0.80929,-0.16645,0.54308,
1403636676613555456,9.44841,-6.00435,-1.46982,0.12798,0.81098,-0.15555,0.54931,
1403636676713555456,9.54612,-6.01903,-1.47456,0.11085,0.81045,-0.14966,0.55542,
1403636676813555456,9.63264,-6.02420,-1.47889,0.09697,0.80939,-0.14726,0.56018,
1403636676913555456,9.72108,-6.03718,-1.46344,0.08533,0.80935,-0.14517,0.56267,
1403636677113555456,9.90921,-6.05692,-1.48580,0.09045,0.80976,-0.13456,0.56392,
1403636677313555456,10.08831,-6.08464,-1.53853,0.10073,0.80598,-0.12401,0.56997,
1403636677413555456,10.17790,-6.08954,-1.55962,0.09887,0.80020,-0.11414,0.58041,
1403636677613555456,10.34379,-6.07245,-1.57822,0.07567,0.79319,-0.09358,0.59697,
1403636677713555456,10.41255,-6.06987,-1.57803,0.05679,0.79581,-0.08291,0.59715,
1403636677813555456,10.47664,-6.05699,-1.57357,0.03459,0.80263,-0.07086,0.59124,
1403636677913555456,10.53167,-6.04691,-1.56706,0.00780,0.81080,-0.05822,0.58237,
1403636678013555456,10.58473,-6.03625,-1.55631,-0.01156,0.81653,-0.03948,0.57584,
1403636678113555456,10.63411,-6.03512,-1.54825,-0.01970,0.81755,-0.01732,0.57526,
1403636678213555456,10.68320,-6.03802,-1.54574,-0.01952,0.81748,0.00368,0.57562,
1403636678313555456,10.73043,-6.04231,-1.54544,-0.02221,0.81684,0.02145,0.57604,
1403636678413555456,10.77565,-6.04612,-1.54149,-0.03357,0.81664,0.03499,0.57511,
1403636678513555456,10.81950,-6.05034,-1.53217,-0.04355,0.81682,0.05069,0.57301,
1403636678613555456,10.86221,-6.05397,-1.51552,-0.05577,0.81507,0.06808,0.57264,
1403636678713555456,10.90344,-6.05685,-1.49887,-0.06138,0.81189,0.09416,0.57289,
1403636678813555456,10.94316,-6.05810,-1.48789,-0.06273,0.80796,0.12572,0.57224,
1403636678913555456,10.98110,-6.05532,-1.48325,-0.06254,0.80401,0.15379,0.57096,
1403636679013555456,11.01590,-6.04542,-1.48543,-0.07121,0.80027,0.17382,0.56946,
1403636679113555456,11.04694,-6.02789,-1.49302,-0.08877,0.79519,0.18819,0.56954,
1403636679213555456,11.07392,-6.00370,-1.50540,-0.11657,0.78914,0.19720,0.56990,
1403636679313555456,11.09610,-5.97641,-1.51561,-0.14479,0.78276,0.20789,0.56842,
1403636679413555456,11.11433,-5.94951,-1.51916,-0.16586,0.77656,0.22464,0.56478,
1403636679513555456,11.12912,-5.92509,-1.51425,-0.18199,0.77132,0.24312,0.55932,
1403636679613555456,11.14114,-5.90439,-1.50317,-0.19339,0.76781,0.25816,0.55356,
1403636679713555456,11.15039,-5.88822,-1.48531,-0.19986,0.76668,0.26959,0.54734,
1403636679813555456,11.15749,-5.87634,-1.46058,-0.20233,0.76191,0.27796,0.54890,
1403636679913555456,11.16442,-5.86466,-1.42680,-0.20121,0.75443,0.28375,0.55663,
1403636680013555456,11.16774,-5.85428,-1.38787,-0.19309,0.75074,0.29064,0.56092,
1403636680213555456,11.15121,-5.83539,-1.30563,-0.17575,0.74593,0.30006,0.56804,
1403636680513555456,11.06042,-5.78561,-1.22738,-0.15312,0.74889,0.30592,0.56756,
1403636680713555456,10.95633,-5.72544,-1.20507,-0.15919,0.75549,0.29613,0.56232,
1403636680813555456,10.89435,-5.68698,-1.20105,-0.17319,0.76212,0.28469,0.55510,
1403636680913555456,10.82937,-5.64499,-1.20102,-0.19009,0.77068,0.27141,0.54429,
1403636681013555456,10.76349,-5.60324,-1.20806,-0.19373,0.78114,0.26784,0.52967,
1403636681113555456,10.70022,-5.56083,-1.22006,-0.18908,0.78862,0.27048,0.51881,
1403636681313555456,10.59163,-5.46910,-1.23765,-0.18277,0.77488,0.27614,0.53842,
1403636681413555456,10.54071,-5.41910,-1.23986,-0.18610,0.76821,0.27475,0.54749,
1403636681513555456,10.48893,-5.36909,-1.23638,-0.19085,0.76561,0.27274,0.55048,
1403636681613555456,10.43611,-5.32117,-1.23181,-0.18990,0.76447,0.27570,0.55092,
1403636681713555456,10.38099,-5.27470,-1.23120,-0.18901,0.76306,0.27864,0.55170,
1403636681813555456,10.32426,-5.22549,-1.23326,-0.18905,0.76185,0.28036,0.55249,
1403636681913555456,10.26527,-5.17644,-1.23426,-0.19118,0.76053,0.28093,0.55329,
1403636682013555456,10.20509,-5.12584,-1.22802,-0.19432,0.76059,0.28063,0.55226,
1403636682113555456,10.14272,-5.07689,-1.21515,-0.19748,0.76073,0.28009,0.55122,
1403636682213555456,10.07743,-5.02936,-1.19770,-0.19909,0.76281,0.28000,0.54781,
1403636682313555456,10.01081,-4.98367,-1.18514,-0.19852,0.76874,0.28045,0.53942,
1403636682413555456,9.94561,-4.93770,-1.17852,-0.19718,0.77430,0.28068,0.53179,
1403636682613555456,9.82153,-4.84581,-1.17497,-0.19430,0.76618,0.27942,0.54510,
1403636682813555456,9.69684,-4.75275,-1.17675,-0.19626,0.76154,0.27356,0.55381,
1403636683013555456,9.56472,-4.66425,-1.15804,-0.18625,0.75956,0.27741,0.55806,
1403636683313555456,9.34431,-4.53110,-1.14350,-0.19288,0.76222,0.27561,0.55304,
1403636683413555456,9.26613,-4.48798,-1.14864,-0.19542,0.76265,0.27592,0.55141,
1403636683513555456,9.18876,-4.44570,-1.15814,-0.19715,0.76280,0.27687,0.55010,
1403636683613555456,9.10911,-4.40369,-1.17063,-0.19789,0.76357,0.27775,0.54833,
1403636683713555456,9.02975,-4.36300,-1.18649,-0.19830,0.76623,0.27898,0.54381,
1403636683813555456,8.94996,-4.32249,-1.19885,-0.19850,0.76942,0.28016,0.53860,
1403636683913555456,8.87168,-4.28393,-1.20479,-0.19919,0.77063,0.28177,0.53578,
1403636684013555456,8.79614,-4.24420,-1.20206,-0.20177,0.76924,0.28169,0.53686,
1403636684113555456,8.72274,-4.20479,-1.18773,-0.20336,0.76654,0.28285,0.53949,
1403636684213555456,8.65012,-4.16612,-1.16934,-0.20542,0.76464,0.28386,0.54087,
1403636684313555456,8.57762,-4.13096,-1.15173,-0.20743,0.76208,0.28466,0.54330,
1403636684413555456,8.50557,-4.09342,-1.12606,-0.20914,0.75985,0.28531,0.54542,
1403636684513555456,8.43153,-4.05830,-1.10897,-0.21370,0.75950,0.28378,0.54495,
1403636684613555456,8.36444,-4.03027,-1.11254,-0.21769,0.75881,0.28199,0.54525,
1403636684813555456,8.22401,-3.97842,-1.11517,-0.21952,0.75728,0.28201,0.54663,
1403636685013555456,8.08030,-3.94603,-1.14946,-0.20732,0.75611,0.29003,0.54882,
1403636685213555456,7.93344,-3.91912,-1.15569,-0.19963,0.76051,0.29170,0.54470,
1403636685413555456,7.78307,-3.88696,-1.14441,-0.19093,0.76323,0.29186,0.54391,
1403636685613555456,7.62633,-3.84862,-1.13458,-0.19481,0.76600,0.28506,0.54225,
1403636685813555456,7.47042,-3.80827,-1.15468,-0.19063,0.76340,0.28661,0.54656,
1403636686013555456,7.31141,-3.76355,-1.18624,-0.19459,0.76528,0.28425,0.54377,
1403636686113555456,7.23197,-3.74171,-1.20130,-0.19860,0.76849,0.28223,0.53882,
1403636686313555456,7.07754,-3.69450,-1.20110,-0.20064,0.77100,0.27992,0.53567,
1403636686513555456,6.93576,-3.64592,-1.19477,-0.20120,0.77402,0.27959,0.53127,
1403636686713555456,6.79914,-3.60302,-1.19760,-0.19976,0.77338,0.28165,0.53165,
1403636686913555456,6.67602,-3.55437,-1.20783,-0.20398,0.76996,0.28020,0.53576,
1403636687113555456,6.55952,-3.50752,-1.19195,-0.20709,0.76858,0.27919,0.53707,
1403636687313555456,6.44917,-3.46658,-1.17273,-0.20769,0.76637,0.28006,0.53955,
1403636687513555456,6.34473,-3.42867,-1.17531,-0.20736,0.76326,0.28124,0.54345,
1403636687713555456,6.24344,-3.40098,-1.20653,-0.21318,0.76186,0.27949,0.54406,
1403636688413555456,5.88367,-3.33438,-1.40014,-0.20779,0.76268,0.28575,0.54175,
1403636688513555456,5.82992,-3.32705,-1.42403,-0.20414,0.76206,0.28849,0.54255,
1403636689013555456,5.54675,-3.25675,-1.55568,-0.20513,0.76108,0.30539,0.53424,
1403636689113555456,5.48894,-3.23384,-1.56564,-0.21288,0.76165,0.30794,0.52890,
1403636689213555456,5.43260,-3.21185,-1.56698,-0.21809,0.76221,0.31165,0.52378,
1403636689313555456,5.37742,-3.18773,-1.56172,-0.22199,0.76231,0.31480,0.52010,
1403636689413555456,5.32717,-3.16054,-1.54827,-0.22404,0.76090,0.31790,0.51940,
1403636689513555456,5.28011,-3.13254,-1.52591,-0.22606,0.76055,0.31945,0.51808,
1403636689613555456,5.23770,-3.10482,-1.49741,-0.22752,0.76286,0.32042,0.51343,
1403636689913555456,5.13713,-3.01384,-1.43038,-0.24417,0.77448,0.30601,0.49691,
1403636690313555456,5.11746,-2.89520,-1.38068,-0.22687,0.77136,0.31211,0.50608,
1403636690513555456,5.14556,-2.83070,-1.33971,-0.22958,0.76999,0.30886,0.50894,
1403636690613555456,5.16719,-2.79676,-1.32661,-0.23794,0.77106,0.30244,0.50732,
1403636690713555456,5.19370,-2.76447,-1.31830,-0.25084,0.77090,0.29295,0.50694,
1403636690813555456,5.22596,-2.73481,-1.32432,-0.26670,0.77014,0.28084,0.50684,
1403636690913555456,5.26597,-2.71157,-1.34179,-0.27744,0.76474,0.27281,0.51359,
1403636691013555456,5.31420,-2.69829,-1.35773,-0.28787,0.75506,0.26512,0.52605,
1403636691113555456,5.36775,-2.69949,-1.36655,-0.29179,0.74617,0.26324,0.53740,
1403636691213555456,5.42340,-2.71795,-1.36497,-0.28423,0.73681,0.26986,0.55091,
1403636691313555456,5.47787,-2.75432,-1.35663,-0.26715,0.72985,0.28373,0.56165,
1403636691413555456,5.52754,-2.80221,-1.34462,-0.25510,0.73233,0.29518,0.55811,
1403636691513555456,5.57321,-2.85765,-1.32491,-0.24968,0.74149,0.30242,0.54442,
1403636691613555456,5.61599,-2.91764,-1.29448,-0.24673,0.74602,0.30770,0.53656,
1403636691713555456,5.65879,-2.98067,-1.25940,-0.23568,0.74705,0.31738,0.53445,
1403636691813555456,5.69884,-3.04447,-1.22864,-0.23031,0.74655,0.32248,0.53444,
1403636691913555456,5.73668,-3.10803,-1.20612,-0.23362,0.74749,0.32087,0.53265,
1403636692013555456,5.77250,-3.17205,-1.18612,-0.24041,0.74357,0.31631,0.53783,
1403636692113555456,5.80599,-3.23776,-1.16754,-0.24043,0.74390,0.31590,0.53759,
1403636692213555456,5.83820,-3.30484,-1.14334,-0.23283,0.74349,0.32068,0.53868,
1403636692313555456,5.86662,-3.37291,-1.11248,-0.23152,0.74501,0.32099,0.53695,
1403636692413555456,5.89113,-3.44172,-1.07366,-0.23245,0.74712,0.31944,0.53454,
1403636692513555456,5.91526,-3.50869,-1.02804,-0.22568,0.74682,0.32283,0.53582,
1403636692613555456,5.93697,-3.57313,-0.97623,-0.22569,0.74751,0.32162,0.53558,
1403636692713555456,5.95523,-3.63662,-0.91989,-0.22255,0.74914,0.32194,0.53443,
1403636692813555456,5.97262,-3.69848,-0.86775,-0.20596,0.75038,0.33177,0.53333,
1403636692913555456,5.98743,-3.75482,-0.82162,-0.19481,0.75065,0.33873,0.53277,
1403636693113555456,6.00508,-3.84358,-0.74141,-0.20468,0.75262,0.33268,0.53010,
1403636693413555456,6.01881,-3.93546,-0.67001,-0.21778,0.76418,0.32681,0.51167,
1403636693513555456,6.02553,-3.95597,-0.65622,-0.21866,0.77054,0.32658,0.50180,
1403636693613555456,6.03620,-3.97205,-0.64476,-0.21662,0.77628,0.32856,0.49245,
1403636693813555456,6.07730,-3.98406,-0.62473,-0.21949,0.77067,0.32809,0.50025,
1403636693913555456,6.10523,-3.98137,-0.61732,-0.22537,0.76238,0.32479,0.51235,
1403636694013555456,6.13622,-3.97559,-0.61305,-0.23046,0.75345,0.32211,0.52484,
1403636694113555456,6.16594,-3.96990,-0.61154,-0.23326,0.74819,0.32080,0.53187,
1403636694513555456,6.27106,-3.95777,-0.57687,-0.23062,0.75174,0.32342,0.52641,
1403636694813555456,6.34458,-3.94884,-0.57785,-0.23096,0.75089,0.32030,0.52937,
1403636695013555456,6.39287,-3.94179,-0.60429,-0.24376,0.75599,0.30892,0.52310,
1403636695213555456,6.44434,-3.95273,-0.61483,-0.23321,0.75576,0.31256,0.52606,
1403636695413555456,6.50446,-3.95564,-0.60710,-0.22586,0.75409,0.31389,0.53086,
1403636695613555456,6.55836,-3.96312,-0.58737,-0.21937,0.75176,0.31574,0.53576,
1403636696013555456,6.63622,-3.97046,-0.59548,-0.21918,0.75695,0.31178,0.53083,
1403636696213555456,6.67230,-3.97402,-0.63102,-0.20870,0.76186,0.31687,0.52498,
1403636696413555456,6.70333,-3.96273,-0.66415,-0.21659,0.75006,0.31032,0.54241,
1403636697013555456,6.72331,-3.95808,-0.70142,-0.20755,0.74945,0.31386,0.54474,
1403636697113555456,6.72199,-3.96004,-0.71539,-0.19575,0.74670,0.32144,0.54845,
1403636697413555456,6.65464,-3.93633,-0.69396,-0.19889,0.75166,0.31806,0.54248,
1403636697513555456,6.62447,-3.91890,-0.67122,-0.20540,0.75691,0.31335,0.53546,
1403636697713555456,6.55912,-3.88186,-0.61655,-0.19464,0.76431,0.29669,0.53844,
1403636697813555456,6.52496,-3.86503,-0.59835,-0.18179,0.77102,0.28052,0.54202,
1403636697913555456,6.48957,-3.84383,-0.58599,-0.17187,0.77664,0.26407,0.54549,
1403636698013555456,6.45421,-3.81910,-0.57893,-0.16499,0.78143,0.24999,0.54741,
1403636698213555456,6.37939,-3.76179,-0.57977,-0.15669,0.78617,0.23228,0.55086,
1403636698413555456,6.30426,-3.70179,-0.59955,-0.13917,0.79279,0.20962,0.55513,
1403636698513555456,6.26638,-3.67002,-0.61581,-0.12645,0.79780,0.19396,0.55669,
1403636698613555456,6.23055,-3.63603,-0.63444,-0.11321,0.80251,0.17462,0.55916,
1403636698713555456,6.19446,-3.60265,-0.65906,-0.10006,0.80763,0.15205,0.56090,
1403636698813555456,6.15999,-3.56798,-0.68694,-0.08498,0.81240,0.12776,0.56255,
1403636698913555456,6.12651,-3.53126,-0.71642,-0.07035,0.81606,0.10171,0.56459,
1403636699013555456,6.09384,-3.49538,-0.73953,-0.05662,0.81897,0.07606,0.56595,
1403636699113555456,6.06298,-3.45920,-0.75358,-0.04355,0.82043,0.04991,0.56790,
1403636699213555456,6.03284,-3.42385,-0.76017,-0.03307,0.82177,0.02079,0.56848,
1403636699313555456,6.00344,-3.38519,-0.76617,-0.02140,0.82341,-0.00936,0.56696,
1403636699413555456,5.98059,-3.36361,-0.75481,-0.00882,0.82406,-0.03759,0.56519,
1403636699513555456,5.95915,-3.34089,-0.74820,0.00470,0.82380,-0.06217,0.56344,
1403636699613555456,5.93972,-3.32443,-0.74661,0.01684,0.82221,-0.08651,0.56233,
1403636699713555456,5.92189,-3.31327,-0.74924,0.03055,0.81918,-0.10948,0.56216,
1403636699813555456,5.90482,-3.31061,-0.75593,0.04961,0.81609,-0.12249,0.56261,
1403636700013555456,5.87411,-3.30996,-0.77864,0.06758,0.80922,-0.13785,0.56709,
1403636700313555456,5.83253,-3.33553,-0.83907,0.07001,0.80805,-0.14596,0.56643,
1403636700413555456,5.81032,-3.34319,-0.87261,0.07059,0.80825,-0.15508,0.56365,
1403636700513555456,5.79304,-3.36245,-0.90892,0.07852,0.80457,-0.16130,0.56611,
1403636700613555456,5.77669,-3.38483,-0.94786,0.08954,0.80002,-0.16625,0.56949,
1403636700713555456,5.75888,-3.40941,-0.98900,0.10224,0.79626,-0.17410,0.57027,
1403636700813555456,5.73880,-3.43185,-1.02564,0.11140,0.79422,-0.18041,0.56944,
1403636700913555456,5.72014,-3.45536,-1.06302,0.11563,0.79608,-0.18568,0.56428,
1403636701013555456,5.69621,-3.47945,-1.07653,0.11694,0.79939,-0.18896,0.55821,
1403636701113555456,5.67248,-3.50460,-1.08912,0.11576,0.80495,-0.19039,0.54991,
1403636701613555456,5.62308,-3.64329,-1.06062,0.11347,0.80226,-0.17402,0.55966,
1403636701813555456,5.61612,-3.70474,-1.05468,0.11487,0.79934,-0.17616,0.56288,
1403636701913555456,5.60950,-3.73606,-1.05776,0.12071,0.79780,-0.18704,0.56032,
1403636702013555456,5.60381,-3.76767,-1.06667,0.12920,0.79442,-0.20192,0.55806,
1403636702113555456,5.59789,-3.79857,-1.08151,0.13990,0.78901,-0.22068,0.55605,
1403636702213555456,5.59237,-3.83065,-1.10264,0.15239,0.78319,-0.23945,0.55321,
1403636702313555456,5.58601,-3.86163,-1.12839,0.16219,0.78113,-0.25332,0.54714,
1403636702413555456,5.58103,-3.89322,-1.15879,0.17187,0.78084,-0.26128,0.54081,
1403636702513555456,5.57720,-3.92427,-1.19315,0.17932,0.78119,-0.26684,0.53515,
1403636702613555456,5.57640,-3.95520,-1.23177,0.18380,0.78184,-0.27021,0.53097,
1403636702713555456,5.57888,-3.98692,-1.27530,0.18693,0.78348,-0.27145,0.52681,
1403636702913555456,5.59534,-4.05109,-1.37140,0.18653,0.78651,-0.27237,0.52195,
1403636703213555456,5.65317,-4.15365,-1.47513,0.17401,0.77398,-0.27742,0.54195,
1403636703313555456,5.67423,-4.19020,-1.49491,0.16581,0.76771,-0.28232,0.55083,
1403636703513555456,5.70479,-4.27061,-1.51130,0.17816,0.77070,-0.27250,0.54775,
1403636703713555456,5.72878,-4.35197,-1.50484,0.18302,0.77694,-0.26737,0.53980,
1403636703913555456,5.75558,-4.43089,-1.50874,0.17664,0.77263,-0.26825,0.54761,
1403636704313555456,5.79963,-4.58601,-1.56721,0.17169,0.78103,-0.26458,0.53899,
1403636704513555456,5.82623,-4.66941,-1.58445,0.17392,0.78706,-0.26115,0.53112,
1403636704713555456,5.86619,-4.75582,-1.58477,0.17384,0.79353,-0.26014,0.52193,
1403636704913555456,5.92603,-4.84839,-1.60908,0.16920,0.80101,-0.26036,0.51182,
1403636705113555456,6.01300,-4.94974,-1.64966,0.17099,0.80229,-0.25657,0.51114,
1403636705213555456,6.06880,-5.00393,-1.66925,0.17649,0.79333,-0.25178,0.52543,
1403636705313555456,6.13025,-5.05874,-1.68246,0.17999,0.78740,-0.24832,0.53474,
1403636705513555456,6.26108,-5.16191,-1.69920,0.17769,0.78976,-0.25024,0.53112,
1403636705713555456,6.40418,-5.26142,-1.72985,0.17658,0.79185,-0.25193,0.52756,
1403636705813555456,6.48136,-5.31166,-1.75014,0.17514,0.78791,-0.25309,0.53336,
1403636705913555456,6.56056,-5.36192,-1.76794,0.17142,0.78204,-0.25539,0.54203,
1403636706013555456,6.64039,-5.41097,-1.77684,0.16266,0.77634,-0.26041,0.55047,
1403636706113555456,6.71714,-5.46156,-1.77928,0.15282,0.77153,-0.26584,0.55742,
1403636706313555456,6.85784,-5.57080,-1.79353,0.16919,0.77617,-0.25123,0.55301,
1403636706513555456,6.98913,-5.67818,-1.83333,0.17870,0.78433,-0.24217,0.54245,
1403636706713555456,7.12345,-5.77534,-1.85575,0.17970,0.78814,-0.24252,0.53640,
1403636706913555456,7.26850,-5.86885,-1.85290,0.17761,0.79147,-0.24775,0.52976,
1403636707113555456,7.42838,-5.95862,-1.83675,0.18272,0.78578,-0.25025,0.53529,
1403636707313555456,7.59441,-6.04249,-1.81534,0.18761,0.78515,-0.25464,0.53245,
1403636707513555456,7.77164,-6.12101,-1.76695,0.18818,0.78559,-0.25830,0.52983,
1403636707713555456,7.95948,-6.19366,-1.71082,0.17537,0.78481,-0.26817,0.53047,
1403636707913555456,8.15237,-6.27218,-1.69672,0.16908,0.78210,-0.27014,0.53549,
1403636708013555456,8.24651,-6.31739,-1.70303,0.17033,0.78147,-0.26628,0.53795,
1403636708213555456,8.44449,-6.40520,-1.74106,0.17348,0.78003,-0.25761,0.54323,
1403636708313555456,8.54543,-6.44622,-1.77949,0.16613,0.77626,-0.26087,0.54934,
1403636708413555456,8.63766,-6.49353,-1.79525,0.15438,0.77155,-0.26782,0.55601,
1403636708613555456,8.81425,-6.59963,-1.82853,0.15495,0.76801,-0.26714,0.56106,
1403636708713555456,8.89350,-6.64564,-1.84000,0.16878,0.76986,-0.25901,0.55834,
1403636708813555456,8.96451,-6.71316,-1.85572,0.18305,0.77071,-0.25100,0.55633,
1403636709013555456,9.10662,-6.81471,-1.88918,0.19474,0.76697,-0.25076,0.55763,
1403636709213555456,9.23894,-6.88793,-1.89659,0.20091,0.76600,-0.25480,0.55494,
1403636709413555456,9.36629,-6.93452,-1.88591,0.20148,0.77275,-0.25787,0.54385,
1403636709713555456,9.55970,-6.97429,-1.90390,0.20025,0.77688,-0.25735,0.53864,
1403636709913555456,9.69344,-6.97873,-1.92830,0.19835,0.77731,-0.25493,0.53987,
1403636710113555456,9.84405,-6.96325,-1.92242,0.19665,0.77686,-0.25200,0.54251,
1403636710313555456,9.99279,-6.93296,-1.94550,0.18811,0.77542,-0.25137,0.54786,
1403636710413555456,10.06783,-6.91502,-1.96685,0.17235,0.77401,-0.25511,0.55329,
1403636710513555456,10.14109,-6.89593,-1.99392,0.15614,0.77506,-0.25304,0.55756,
1403636710613555456,10.21295,-6.87873,-2.02392,0.14432,0.77683,-0.24606,0.56139,
1403636710713555456,10.28220,-6.86349,-2.05754,0.13601,0.77981,-0.23362,0.56465,
1403636710813555456,10.34614,-6.85062,-2.08694,0.13182,0.78393,-0.21478,0.56740,
1403636710913555456,10.40154,-6.83241,-2.11705,0.12921,0.79013,-0.19241,0.56742,
1403636711013555456,10.46646,-6.82648,-2.12675,0.12915,0.79563,-0.17140,0.56649,
1403636711113555456,10.52567,-6.81428,-2.13911,0.12746,0.79819,-0.15763,0.56727,
1403636711213555456,10.57677,-6.79728,-2.14164,0.12640,0.79876,-0.14899,0.56905,
1403636711313555456,10.62894,-6.77125,-2.14812,0.12279,0.79821,-0.14616,0.57134,
1403636711513555456,10.72530,-6.71593,-2.14010,0.11723,0.78551,-0.14826,0.58927,
1403636711613555456,10.77368,-6.67704,-2.13926,0.12279,0.78054,-0.14676,0.59510,
1403636711913555456,10.85101,-6.54673,-2.10489,0.11874,0.78545,-0.15771,0.58660,
1403636712013555456,10.86451,-6.49341,-2.09028,0.10823,0.78807,-0.16690,0.58256,
1403636712113555456,10.87422,-6.44148,-2.06947,0.10027,0.78821,-0.17341,0.58190,
1403636712313555456,10.88447,-6.34581,-2.01436,0.10501,0.79063,-0.15314,0.58345,
1403636712413555456,10.88098,-6.29475,-1.97724,0.10535,0.79257,-0.13610,0.58499,
1403636712513555456,10.87811,-6.24148,-1.93798,0.10258,0.79314,-0.12239,0.58773,
1403636712613555456,10.86756,-6.18195,-1.89645,0.09602,0.79211,-0.11349,0.59200,
1403636712713555456,10.84989,-6.13316,-1.86088,0.08748,0.78891,-0.10834,0.59852,
1403636712813555456,10.83581,-6.05913,-1.83069,0.08118,0.78912,-0.10462,0.59980,
1403636712913555456,10.80904,-5.99690,-1.80705,0.07790,0.79230,-0.10273,0.59635,
1403636713113555456,10.74287,-5.86929,-1.77032,0.07542,0.79538,-0.10116,0.59283,
1403636713313555456,10.65589,-5.73842,-1.71270,0.07168,0.79941,-0.10216,0.58769,
1403636713513555456,10.56054,-5.60916,-1.62576,0.06678,0.80149,-0.10706,0.58455,
1403636713713555456,10.45569,-5.48524,-1.54234,0.05787,0.80346,-0.11709,0.58085,
1403636713913555456,10.34223,-5.37504,-1.48522,0.05747,0.80435,-0.12223,0.57860,
1403636714113555456,10.22339,-5.28334,-1.44963,0.06878,0.80529,-0.11997,0.57653,
1403636714313555456,10.10023,-5.20039,-1.42956,0.06896,0.80282,-0.12507,0.57887,
1403636714513555456,9.97737,-5.12654,-1.43084,0.06657,0.81097,-0.12501,0.56768,
1403636714613555456,9.91656,-5.09293,-1.43624,0.05921,0.81630,-0.11824,0.56228,
1403636714713555456,9.85787,-5.06352,-1.44120,0.05118,0.82040,-0.10413,0.55989,
1403636714813555456,9.80395,-5.03457,-1.43735,0.04253,0.82337,-0.08309,0.55977,
1403636714913555456,9.75458,-5.00956,-1.42503,0.03321,0.82519,-0.05816,0.56086,
1403636715013555456,9.71163,-4.98622,-1.40557,0.02148,0.82714,-0.03593,0.56044,
1403636715113555456,9.67199,-4.96220,-1.37880,0.01342,0.82875,-0.01753,0.55918,
1403636715213555456,9.63797,-4.93984,-1.34959,0.00659,0.82931,-0.00591,0.55872,
1403636715313555456,9.60883,-4.91850,-1.32472,-0.00038,0.82758,-0.00032,0.56135,
1403636715413555456,9.58324,-4.89615,-1.30620,-0.00696,0.82450,0.00062,0.56583,
1403636715513555456,9.56025,-4.87554,-1.29702,-0.01639,0.82049,-0.00381,0.57141,
1403636715713555456,9.51737,-4.84616,-1.29548,-0.02096,0.81254,-0.00844,0.58246,
1403636715813555456,9.49569,-4.83840,-1.29837,-0.01158,0.80654,-0.00476,0.59105,
1403636716013555456,9.44045,-4.82886,-1.28784,-0.00238,0.79892,-0.00359,0.60142,
1403636716213555456,9.36202,-4.82066,-1.26147,-0.00357,0.80692,-0.01139,0.59054,
1403636716413555456,9.26895,-4.81672,-1.23695,-0.00077,0.81341,-0.01776,0.58142,
1403636716713555456,9.12817,-4.81459,-1.24683,-0.00050,0.81328,-0.00889,0.58181,
1403636716813555456,9.08103,-4.81178,-1.26227,-0.00841,0.81291,0.00107,0.58233,
1403636716913555456,9.03457,-4.80700,-1.27530,-0.01957,0.81311,0.01505,0.58158,
1403636717013555456,8.98529,-4.80227,-1.28278,-0.03203,0.81299,0.03437,0.58037,
1403636717113555456,8.93531,-4.79780,-1.28329,-0.04450,0.81232,0.05432,0.57897,
1403636717213555456,8.88616,-4.79483,-1.27796,-0.05247,0.81134,0.07065,0.57791,
1403636717313555456,8.83601,-4.79293,-1.27018,-0.05271,0.81034,0.08579,0.57725,
1403636717513555456,8.73352,-4.78372,-1.25568,-0.04641,0.80754,0.10573,0.57840,
1403636717713555456,8.62660,-4.75859,-1.26329,-0.05555,0.80719,0.10210,0.57874,
1403636717913555456,8.51409,-4.71715,-1.28261,-0.05596,0.80660,0.11665,0.57677,
1403636718013555456,8.45770,-4.68585,-1.28394,-0.06222,0.80474,0.12903,0.57608,
1403636718113555456,8.39845,-4.64930,-1.27807,-0.07644,0.80295,0.14137,0.57398,
1403636718213555456,8.33801,-4.60894,-1.27148,-0.09359,0.80149,0.15228,0.57067,
1403636718313555456,8.27614,-4.56774,-1.27469,-0.10741,0.80063,0.16090,0.56707,
1403636718413555456,8.21432,-4.52501,-1.28548,-0.11972,0.79930,0.17090,0.56354,
1403636718513555456,8.15220,-4.48075,-1.30055,-0.13369,0.79694,0.18113,0.56054,
1403636718613555456,8.09221,-4.43451,-1.31310,-0.14720,0.79558,0.18830,0.55671,
1403636718713555456,8.03206,-4.39395,-1.34477,-0.16106,0.79553,0.19182,0.55172,
1403636718813555456,7.98732,-4.36018,-1.38270,-0.16449,0.79364,0.19949,0.55072,
1403636718913555456,7.93092,-4.32296,-1.40054,-0.15893,0.79073,0.21010,0.55258,
1403636719113555456,7.83410,-4.25894,-1.42630,-0.15343,0.78449,0.21998,0.55914,
1403636719313555456,7.73646,-4.19820,-1.43870,-0.15854,0.77800,0.21559,0.56842,
1403636719513555456,7.63130,-4.14196,-1.45647,-0.16136,0.77641,0.21017,0.57182,
1403636719613555456,7.57299,-4.11745,-1.47507,-0.16128,0.78025,0.20801,0.56739,
1403636719713555456,7.51539,-4.09987,-1.48650,-0.15845,0.78488,0.20685,0.56219,
1403636719913555456,7.40121,-4.06468,-1.48913,-0.15533,0.78975,0.20158,0.55815,
1403636720113555456,7.29185,-4.03575,-1.48597,-0.15252,0.79223,0.19937,0.55620,
1403636720313555456,7.19334,-4.01088,-1.50779,-0.15368,0.79308,0.19841,0.55502,
1403636720513555456,7.09878,-3.99201,-1.54126,-0.15605,0.79333,0.19960,0.55357,
1403636720713555456,7.01557,-3.98078,-1.55273,-0.15783,0.79245,0.20137,0.55368,
1403636720913555456,6.94407,-3.97738,-1.54209,-0.14800,0.79611,0.18983,0.55521,
1403636721013555456,6.91157,-3.97950,-1.54399,-0.14242,0.79738,0.17827,0.55867,
1403636721113555456,6.88044,-3.98224,-1.54984,-0.13622,0.79854,0.16531,0.56254,
1403636721213555456,6.85121,-3.98691,-1.56004,-0.12687,0.79946,0.15084,0.56747,
1403636721313555456,6.82218,-3.99352,-1.56478,-0.11950,0.80013,0.13839,0.57128,
1403636721413555456,6.79253,-4.00230,-1.56133,-0.11175,0.80106,0.12972,0.57357,
1403636721513555456,6.76270,-4.01296,-1.55314,-0.10469,0.80296,0.12294,0.57374,
1403636721813555456,6.66760,-4.05165,-1.55460,-0.08394,0.80712,0.10721,0.57447,
1403636722113555456,6.56881,-4.08599,-1.58264,-0.07530,0.80606,0.11253,0.57614,
1403636722413555456,6.46396,-4.10770,-1.57044,-0.08224,0.80741,0.11060,0.57367,
1403636722613555456,6.39144,-4.12022,-1.57777,-0.07596,0.80812,0.10390,0.57479,
1403636722813555456,6.31868,-4.12889,-1.59522,-0.06963,0.80906,0.10210,0.57459,
1403636723213555456,6.16843,-4.13115,-1.56648,-0.07491,0.80928,0.09670,0.57455,
1403636723513555456,6.05696,-4.12964,-1.56279,-0.05767,0.80648,0.08865,0.58172,
1403636723613555456,6.01919,-4.12668,-1.55739,-0.05629,0.80015,0.07632,0.59226,
1403636723813555456,5.93366,-4.11888,-1.53711,-0.04899,0.80848,0.06154,0.58324,
1403636724113555456,5.79617,-4.10754,-1.53286,-0.03745,0.82299,0.04290,0.56520,
1403636724213555456,5.75158,-4.10626,-1.53965,-0.02857,0.82438,0.03075,0.56448,
1403636724313555456,5.71101,-4.10493,-1.54923,-0.01673,0.82404,0.01632,0.56605,
1403636724413555456,5.67312,-4.10313,-1.55842,-0.00468,0.82128,0.00083,0.57051,
1403636724513555456,5.63805,-4.09936,-1.55953,0.00521,0.81841,-0.01115,0.57450,
1403636724613555456,5.60386,-4.09458,-1.55614,0.01201,0.81654,-0.01961,0.57684,
1403636724813555456,5.53769,-4.07955,-1.51846,0.01766,0.81665,-0.02816,0.57618,
1403636725113555456,5.45061,-4.04804,-1.42475,0.00565,0.81831,-0.03355,0.57378,
1403636725513555456,5.35346,-4.02235,-1.28246,0.00946,0.81935,-0.02746,0.57256,
1403636726313555456,5.20067,-3.99238,-1.25126,0.00897,0.81675,-0.02249,0.57649,
1403636726613555456,5.15628,-3.98326,-1.24038,-0.00892,0.81344,-0.02948,0.58084,
1403636726913555456,5.09871,-3.98743,-1.16505,-0.00272,0.81108,-0.01815,0.58464,
1403636727213555456,5.03866,-4.02107,-1.05363,0.00514,0.81191,-0.00317,0.58375,
1403636727813555456,4.87232,-4.01614,-0.89268,0.00657,0.81233,-0.00066,0.58316,
1403636728213555456,4.74065,-3.96024,-0.75192,0.00781,0.81113,-0.00140,0.58481,
1403636728513555456,4.63064,-3.89503,-0.70783,-0.00896,0.81166,-0.01399,0.58389,
1403636728713555456,4.55249,-3.86285,-0.69324,-0.01258,0.81208,-0.00361,0.58340,
1403636728813555456,4.51027,-3.83646,-0.68585,-0.01314,0.81229,0.01365,0.58294,
1403636728913555456,4.46530,-3.81737,-0.67033,-0.01717,0.81097,0.02891,0.58412,
1403636729013555456,4.42087,-3.79720,-0.65484,-0.02276,0.80917,0.03919,0.58583,
1403636729213555456,4.33081,-3.75693,-0.64160,-0.03031,0.80828,0.05186,0.58572,
1403636729413555456,4.23294,-3.71351,-0.64840,-0.03590,0.80838,0.05489,0.58500,
1403636729713555456,4.07130,-3.64114,-0.63006,-0.03869,0.80922,0.05465,0.58367,
1403636729913555456,3.96102,-3.59087,-0.60820,-0.03822,0.81429,0.05293,0.57678,
1403636730113555456,3.85250,-3.54029,-0.60512,-0.03822,0.81702,0.05337,0.57286,
1403636730413555456,3.69675,-3.46437,-0.62622,-0.04021,0.81830,0.05365,0.57087,
1403636730513555456,3.64904,-3.44079,-0.63289,-0.03953,0.82251,0.05481,0.56472,
1403636730613555456,3.60447,-3.41658,-0.63237,-0.04059,0.82656,0.05461,0.55873,
1403636730913555456,3.50652,-3.33894,-0.58225,-0.04512,0.82984,0.05177,0.55376,
1403636731113555456,3.46419,-3.29205,-0.54982,-0.06308,0.82217,0.03739,0.56450,
1403636731313555456,3.43749,-3.26219,-0.53545,-0.05506,0.81376,0.04084,0.57714,
1403636732013555456,3.33909,-3.25070,-0.61569,-0.04683,0.81339,0.04786,0.57785,
1403636732513555456,3.25916,-3.28509,-0.71709,-0.02761,0.80524,0.06468,0.58877,
1403636732713555456,3.20360,-3.28584,-0.71131,-0.02343,0.79854,0.06940,0.59746,
1403636732913555456,3.12749,-3.26884,-0.69239,-0.03543,0.79909,0.06248,0.59691,
1403636733113555456,3.03306,-3.24541,-0.68834,-0.03722,0.80604,0.06278,0.58734,
1403636733413555456,2.87295,-3.19501,-0.63892,-0.03954,0.81040,0.06412,0.58102,
1403636733613555456,2.76463,-3.15281,-0.58734,-0.04198,0.81451,0.06311,0.57517,
1403636733913555456,2.60238,-3.08548,-0.54611,-0.04190,0.81705,0.06418,0.57144,
1403636734113555456,2.49628,-3.03698,-0.53889,-0.03919,0.81119,0.06475,0.57987,
1403636734413555456,2.33687,-2.95561,-0.50352,-0.04676,0.81290,0.06175,0.57722,
1403636734613555456,2.22870,-2.90234,-0.46655,-0.04891,0.81732,0.06288,0.57065,
1403636734913555456,2.08140,-2.82687,-0.45238,-0.04950,0.81914,0.06713,0.56750,
1403636735213555456,1.95460,-2.75005,-0.46807,-0.05235,0.81955,0.06520,0.56688,
1403636735613555456,1.82655,-2.65442,-0.39846,-0.04870,0.81875,0.05548,0.56939,
1403636736113555456,1.72224,-2.55233,-0.30143,-0.04890,0.81579,0.05935,0.57321,
1403636736213555456,1.70443,-2.53420,-0.28004,-0.05675,0.81267,0.06939,0.57578,
1403636736313555456,1.68696,-2.51388,-0.24998,-0.06296,0.81091,0.07970,0.57628,
1403636736413555456,1.67199,-2.49351,-0.22770,-0.06673,0.80992,0.08821,0.57602,
1403636736613555456,1.63598,-2.45647,-0.20009,-0.06031,0.80644,0.10642,0.57853,
1403636736913555456,1.57373,-2.38087,-0.19521,-0.06196,0.80487,0.11358,0.57918,
1403636737113555456,1.51718,-2.32004,-0.20586,-0.07655,0.80498,0.10964,0.57804,
1403636737313555456,1.46387,-2.25360,-0.23825,-0.08332,0.80662,0.11141,0.57446,
1403636737513555456,1.39996,-2.19156,-0.24215,-0.08516,0.81097,0.11558,0.56720,
1403636737713555456,1.34402,-2.13574,-0.21543,-0.09484,0.81448,0.11106,0.56152,
1403636738113555456,1.28050,-2.04870,-0.10353,-0.09566,0.81498,0.10656,0.56152,
1403636738413555456,1.26424,-2.01663,-0.02466,-0.08953,0.81436,0.10450,0.56380,
1403636738613555456,1.26427,-2.00033,0.00017,-0.08037,0.81906,0.08997,0.56089,
1403636738713555456,1.26659,-2.00297,-0.00188,-0.07192,0.82062,0.07450,0.56201,
1403636738813555456,1.27646,-1.99826,-0.00936,-0.06255,0.81923,0.05424,0.56745,
1403636738913555456,1.28212,-2.00130,-0.01832,-0.05265,0.81779,0.03077,0.57228,
1403636739013555456,1.28887,-2.01129,-0.02582,-0.04298,0.81706,0.00421,0.57493,
1403636739113555456,1.30174,-2.01801,-0.05805,-0.02791,0.81673,-0.02096,0.57596,
1403636739213555456,1.30800,-2.03771,-0.08196,-0.00488,0.81624,-0.04139,0.57620,
1403636739313555456,1.31468,-2.06127,-0.11133,0.02084,0.81499,-0.06004,0.57598,
1403636739413555456,1.31953,-2.08680,-0.13829,0.04575,0.81355,-0.07760,0.57448,
1403636739513555456,1.32997,-2.10635,-0.16005,0.06407,0.81165,-0.09760,0.57235,
1403636739613555456,1.33035,-2.13367,-0.17007,0.07308,0.80856,-0.11710,0.57200,
1403636739713555456,1.33526,-2.15533,-0.17519,0.08097,0.80711,-0.12875,0.57047,
1403636739913555456,1.34814,-2.19559,-0.19510,0.08337,0.80537,-0.14207,0.56942,
1403636740213555456,1.36122,-2.26227,-0.25942,0.09441,0.80639,-0.13142,0.56881,
1403636740613555456,1.36733,-2.33021,-0.39023,0.08154,0.80370,-0.12800,0.57535,
1403636740913555456,1.36102,-2.37930,-0.46190,0.07832,0.80684,-0.12390,0.57230,
1403636741113555456,1.35384,-2.41125,-0.53011,0.09791,0.80395,-0.11280,0.57563,
1403636741313555456,1.33852,-2.43136,-0.62634,0.09442,0.79960,-0.13388,0.57776,
1403636741413555456,1.32589,-2.43928,-0.68060,0.09078,0.80303,-0.14364,0.57120,
1403636741513555456,1.31407,-2.44323,-0.72517,0.09045,0.80907,-0.14913,0.56124,
1403636741613555456,1.30264,-2.45022,-0.76417,0.08975,0.81301,-0.15267,0.55467,
1403636742013555456,1.28794,-2.49495,-0.87334,0.10507,0.81022,-0.13561,0.56046,
1403636742113555456,1.28969,-2.50583,-0.90948,0.10238,0.81503,-0.13311,0.55455,
1403636742313555456,1.30297,-2.51940,-0.95812,0.08873,0.81701,-0.13500,0.55353,
1403636742513555456,1.32598,-2.53363,-0.97776,0.08480,0.80995,-0.13237,0.56504,
1403636742813555456,1.36734,-2.55960,-1.00440,0.08310,0.80352,-0.12770,0.57545,
1403636743113555456,1.39363,-2.58496,-1.09905,0.08252,0.81063,-0.13831,0.56298,
1403636743213555456,1.40082,-2.59558,-1.13320,0.08265,0.82081,-0.14542,0.54616,
1403636743313555456,1.41347,-2.60814,-1.16114,0.08400,0.82699,-0.15007,0.53527,
1403636743613555456,1.49768,-2.66685,-1.21068,0.08953,0.81788,-0.15242,0.54757,
1403636743813555456,1.57775,-2.71800,-1.26471,0.09974,0.80801,-0.15160,0.56053,
1403636743913555456,1.62039,-2.74422,-1.30136,0.10306,0.80319,-0.15711,0.56531,
1403636744113555456,1.70537,-2.79384,-1.39338,0.11350,0.79765,-0.16488,0.56893,
1403636744213555456,1.74411,-2.81600,-1.44793,0.11682,0.79463,-0.17229,0.57029,
1403636744413555456,1.81723,-2.85430,-1.57414,0.11341,0.79016,-0.18580,0.57295,
1403636744713555456,1.90508,-2.91656,-1.79771,0.10346,0.78412,-0.19196,0.58104,
1403636744913555456,1.94021,-2.96755,-1.94593,0.11646,0.78941,-0.18224,0.57451,
1403636745013555456,1.95026,-2.99129,-2.00859,0.11540,0.79414,-0.18058,0.56870,
1403636745113555456,1.96076,-3.01461,-2.06173,0.11264,0.79972,-0.17839,0.56208,
1403636745313555456,1.98764,-3.06043,-2.14696,0.10758,0.80299,-0.17083,0.56076,
1403636745513555456,2.02164,-3.10755,-2.19780,0.10985,0.79480,-0.16258,0.57428,
1403636745713555456,2.05047,-3.14773,-2.21815,0.11552,0.79141,-0.16761,0.57639,
1403636745913555456,2.07340,-3.17794,-2.20940,0.12938,0.79088,-0.17410,0.57224,
1403636746013555456,2.08355,-3.18716,-2.19650,0.13854,0.79084,-0.17585,0.56961,
1403636746213555456,2.10154,-3.19044,-2.15077,0.15038,0.78945,-0.17908,0.56752,
1403636746313555456,2.11023,-3.18321,-2.11893,0.15361,0.78142,-0.17961,0.57752,
1403636746413555456,2.11680,-3.16878,-2.09313,0.15381,0.77584,-0.18050,0.58467,
1403636746613555456,2.12164,-3.12137,-2.07415,0.13684,0.79198,-0.18877,0.56428,
1403636746713555456,2.12352,-3.09300,-2.07551,0.12200,0.80423,-0.19479,0.54807,
1403636746813555456,2.12817,-3.06692,-2.08009,0.10904,0.80857,-0.19953,0.54269,
1403636747013555456,2.14932,-3.03029,-2.08444,0.10174,0.80607,-0.19837,0.54822,
1403636747213555456,2.18408,-3.01255,-2.05459,0.12138,0.79925,-0.18368,0.55922,
1403636747413555456,2.22893,-2.99636,-1.99632,0.13071,0.79626,-0.18027,0.56249,
1403636747913555456,2.35025,-2.92260,-1.85804,0.12809,0.79466,-0.19763,0.55951,
1403636748013555456,2.37565,-2.90493,-1.81734,0.11632,0.78983,-0.20893,0.56478,
1403636748413555456,2.46958,-2.87329,-1.71440,0.13451,0.79364,-0.20108,0.55822,
1403636748713555456,2.53964,-2.86043,-1.63794,0.12966,0.78965,-0.20505,0.56355,
1403636748913555456,2.58113,-2.85412,-1.58906,0.12083,0.78601,-0.21572,0.56662,
1403636749213555456,2.63019,-2.86664,-1.54266,0.11831,0.78115,-0.22764,0.56919,
1403636749413555456,2.64516,-2.89348,-1.49732,0.13895,0.78316,-0.21725,0.56583,
1403636749613555456,2.65355,-2.91922,-1.43362,0.15428,0.78576,-0.20596,0.56246,
1403636749813555456,2.66373,-2.93835,-1.38670,0.15208,0.78160,-0.20338,0.56975,
1403636749913555456,2.66743,-2.94305,-1.37367,0.14943,0.77724,-0.20212,0.57682,
1403636750213555456,2.65712,-2.93414,-1.35195,0.14061,0.77908,-0.19692,0.57834,
1403636750413555456,2.63395,-2.91362,-1.31394,0.13450,0.78619,-0.19416,0.57106,
1403636750613555456,2.60489,-2.88725,-1.23640,0.13057,0.78925,-0.18757,0.56996,
1403636750913555456,2.55541,-2.82969,-1.07261,0.13036,0.79423,-0.18022,0.56544,
1403636751313555456,2.49486,-2.75594,-0.85319,0.12822,0.80360,-0.18502,0.55096,
1403636751513555456,2.48087,-2.71719,-0.75850,0.11537,0.79657,-0.19660,0.55993,
1403636751713555456,2.46921,-2.68421,-0.67568,0.10110,0.79640,-0.19433,0.56371,
1403636751813555456,2.46174,-2.67554,-0.63754,0.09524,0.80233,-0.19256,0.55688,
1403636752013555456,2.45299,-2.67597,-0.56398,0.10450,0.81150,-0.17841,0.54655,
1403636752213555456,2.45553,-2.68746,-0.49304,0.10779,0.80598,-0.16888,0.55701,
1403636752313555456,2.46242,-2.69294,-0.45819,0.10308,0.80175,-0.16009,0.56652,
1403636752413555456,2.46881,-2.69948,-0.41766,0.09497,0.79983,-0.14750,0.57402,
1403636752513555456,2.47674,-2.70394,-0.37468,0.08421,0.80223,-0.13141,0.57625,
1403636752613555456,2.47806,-2.70956,-0.33048,0.07273,0.80639,-0.11316,0.57589,
1403636752713555456,2.48045,-2.71218,-0.29790,0.05996,0.81034,-0.09462,0.57515,
1403636752813555456,2.48023,-2.71821,-0.26858,0.04805,0.81327,-0.07424,0.57513,
1403636752913555456,2.48187,-2.71972,-0.25054,0.03764,0.81515,-0.05177,0.57570,
1403636753013555456,2.48229,-2.72002,-0.23711,0.02832,0.81668,-0.02747,0.57573,
1403636753113555456,2.48233,-2.71891,-0.23003,0.01696,0.81766,-0.00351,0.57544,
1403636753213555456,2.48187,-2.71056,-0.22967,0.00386,0.81779,0.02007,0.57515,
1403636753313555456,2.48220,-2.70047,-0.23532,-0.00604,0.81674,0.04582,0.57515,
1403636753413555456,2.48072,-2.68494,-0.24449,-0.01964,0.81416,0.06345,0.57683,
1403636753513555456,2.47892,-2.66736,-0.24981,-0.03462,0.81287,0.07115,0.57705,
1403636753613555456,2.47606,-2.64578,-0.24708,-0.04535,0.81131,0.07477,0.57804,
1403636753813555456,2.46654,-2.60528,-0.23467,-0.05045,0.80982,0.07675,0.57945,
1403636754213555456,2.43020,-2.51011,-0.23031,-0.04390,0.80278,0.06922,0.59061,
1403636754513555456,2.36773,-2.42564,-0.18016,-0.04175,0.80252,0.07291,0.59067,
1403636754613555456,2.33755,-2.39118,-0.16631,-0.04527,0.80372,0.08260,0.58751,
1403636754713555456,2.30450,-2.35440,-0.16012,-0.05429,0.80332,0.09405,0.58556,
1403636754813555456,2.26843,-2.31506,-0.15665,-0.06431,0.80158,0.10762,0.58460,
1403636754913555456,2.22821,-2.27556,-0.15771,-0.07285,0.79984,0.11828,0.58392,
1403636755013555456,2.18541,-2.23531,-0.16286,-0.07838,0.79894,0.12738,0.58252,
1403636755113555456,2.14212,-2.19403,-0.16938,-0.08334,0.79821,0.13231,0.58173,
1403636755213555456,2.09211,-2.15307,-0.17057,-0.08757,0.79827,0.13492,0.58042,
1403636755313555456,2.04006,-2.10971,-0.16351,-0.08847,0.80256,0.13677,0.57391,
1403636755413555456,1.98706,-2.06887,-0.15115,-0.08755,0.80901,0.13838,0.56453,
1403636755713555456,1.84435,-1.92810,-0.11571,-0.08447,0.80968,0.13622,0.56457,
1403636755913555456,1.75726,-1.82467,-0.11266,-0.08720,0.80505,0.13186,0.57176,
1403636756113555456,1.67010,-1.71957,-0.10667,-0.08842,0.80288,0.13055,0.57491,
1403636756313555456,1.58276,-1.60966,-0.08251,-0.08963,0.80115,0.13052,0.57714,
1403636756513555456,1.48453,-1.50793,-0.07202,-0.09064,0.79995,0.13222,0.57825,
1403636756713555456,1.38909,-1.39282,-0.07153,-0.09246,0.79835,0.13329,0.57993,
1403636756913555456,1.27825,-1.28653,-0.05787,-0.09446,0.79757,0.13422,0.58048,
1403636757113555456,1.15897,-1.18301,-0.03038,-0.09745,0.79759,0.13407,0.57998,
1403636757313555456,1.03039,-1.08869,-0.02388,-0.09529,0.79812,0.13633,0.57908,
1403636757513555456,0.89753,-0.99359,-0.03086,-0.09166,0.80172,0.14219,0.57325,
1403636757613555456,0.83486,-0.94081,-0.03116,-0.09328,0.80640,0.14923,0.56457,
1403636757713555456,0.76894,-0.88786,-0.02735,-0.09611,0.81235,0.15635,0.55354,
1403636757813555456,0.70765,-0.83310,-0.01168,-0.10012,0.81636,0.16217,0.54518,
1403636757913555456,0.65329,-0.77351,0.01456,-0.10520,0.81704,0.16535,0.54225,
1403636758013555456,0.60631,-0.71164,0.04752,-0.11102,0.81067,0.16632,0.55030,
1403636758113555456,0.56133,-0.64951,0.07707,-0.11675,0.80267,0.16594,0.56085,
1403636758213555456,0.51836,-0.58698,0.09511,-0.12033,0.79656,0.16565,0.56884,
1403636758313555456,0.47406,-0.52731,0.10837,-0.12372,0.79425,0.16423,0.57174,
1403636758413555456,0.43032,-0.46785,0.10910,-0.12600,0.79914,0.16283,0.56478,
1403636758513555456,0.38544,-0.41131,0.10272,-0.13130,0.81132,0.15897,0.54704,
1403636758613555456,0.34633,-0.35646,0.09289,-0.13914,0.82293,0.15299,0.52918,
1403636758713555456,0.31912,-0.30479,0.08557,-0.13973,0.82062,0.15141,0.53304,
1403636758813555456,0.30215,-0.25693,0.07849,-0.13757,0.81095,0.15169,0.54811,
1403636758913555456,0.28884,-0.21191,0.06973,-0.13128,0.80242,0.15545,0.56100,
1403636759013555456,0.27590,-0.17084,0.05801,-0.12811,0.79828,0.15735,0.56708,
1403636759113555456,0.26195,-0.13126,0.04418,-0.13666,0.79694,0.15148,0.56857,
1403636759213555456,0.25013,-0.09643,0.02440,-0.15498,0.79798,0.13897,0.56559,
1403636759313555456,0.23967,-0.07129,0.00336,-0.16452,0.79849,0.13271,0.56368,
1403636759413555456,0.23105,-0.05562,-0.02132,-0.15218,0.79704,0.14192,0.56694,
1403636759513555456,0.22295,-0.04769,-0.04916,-0.13917,0.79510,0.15173,0.57046,
1403636759613555456,0.21953,-0.04802,-0.08587,-0.13038,0.79342,0.15943,0.57277,
1403636759713555456,0.20386,-0.04226,-0.09552,-0.12593,0.79326,0.16362,0.57281,
1403636759913555456,0.17795,-0.04068,-0.11095,-0.12537,0.79568,0.16486,0.56921,
1403636760013555456,0.16213,-0.04424,-0.11868,-0.12399,0.80166,0.16559,0.56084,
1403636760113555456,0.14748,-0.04577,-0.12908,-0.12339,0.80684,0.16534,0.55357,
1403636760313555456,0.12708,-0.04506,-0.14855,-0.12738,0.79860,0.16183,0.56553,
1403636760513555456,0.10269,-0.05273,-0.17706,-0.12285,0.79363,0.16490,0.57260,
1403636760613555456,0.09590,-0.05108,-0.19672,-0.11995,0.79952,0.16745,0.56422,
1403636760713555456,0.08552,-0.05274,-0.21409,-0.11585,0.80326,0.17112,0.55863,
1403636760913555456,0.07160,-0.04425,-0.24242,-0.11280,0.79696,0.17505,0.56701,
1403636761013555456,0.04880,-0.04506,-0.25216,-0.11402,0.79930,0.17482,0.56352,
1403636761113555456,0.03610,-0.03730,-0.26726,-0.11655,0.80613,0.17348,0.55361,
1403636761213555456,0.02620,-0.02823,-0.28458,-0.11511,0.81415,0.17524,0.54149,
1403636761313555456,0.01616,-0.01598,-0.29372,-0.11491,0.81737,0.17552,0.53655,
1403636761413555456,0.01635,-0.00130,-0.30092,-0.11681,0.81198,0.17442,0.54463,
1403636761513555456,0.01877,0.01608,-0.30264,-0.11880,0.80349,0.17262,0.55721,
1403636761613555456,0.02651,0.03378,-0.31153,-0.12085,0.79751,0.17013,0.56606,
1403636761713555456,0.02415,0.05023,-0.29585,-0.12991,0.79649,0.16260,0.56770,
1403636761813555456,0.02317,0.06980,-0.29421,-0.13885,0.79729,0.15558,0.56643,
1403636762013555456,0.02741,0.08701,-0.28323,-0.12897,0.79688,0.16142,0.56771,
1403636762113555456,0.02825,0.09181,-0.27127,-0.11042,0.79415,0.17349,0.57188,
1403636762313555456,0.02179,0.10982,-0.25794,-0.09970,0.80603,0.17912,0.55524,
1403636762413555456,0.01858,0.12606,-0.26158,-0.10461,0.81298,0.17514,0.54538,
1403636762513555456,0.01919,0.14724,-0.27298,-0.12400,0.81368,0.16138,0.54452,
1403636762613555456,0.02300,0.16885,-0.29146,-0.14788,0.80926,0.14427,0.54992,
1403636762713555456,0.03073,0.18511,-0.31736,-0.15267,0.80310,0.14121,0.55837,
1403636762813555456,0.04179,0.19444,-0.35076,-0.14001,0.79949,0.15101,0.56427,
1403636762913555456,0.03857,0.18613,-0.34993,-0.14604,0.77429,0.14504,0.59842,
1403636763013555456,0.02726,0.16798,-0.35855,-0.12393,0.79891,0.14157,0.57127,
1403636763113555456,0.01838,0.15039,-0.36578,-0.12483,0.79639,0.11657,0.58017,
1403636763413555456,0.01671,0.14138,-0.36918,-0.12557,0.79887,0.10387,0.57901,
1403636763713555456,0.00738,0.13554,-0.37069,-0.12556,0.79874,0.10387,0.57918,
